2026-02-24 15:49:33,837 [Worker-2: Loading available Gradle versions] INFO  o.e.b.c.i.u.g.PublishedGradleVersions - Gradle version information cache is up-to-date. Trying to read.
2026-02-24 15:51:09,392 [Worker-7: Import Getting Started Content] INFO  o.e.m.c.i.e.AbstractTransferListenerAdapter - Downloading http://binrepo.poupex.com.br/repository/public/org/springframework/boot/spring-boot-starter-parent/4.0.3/spring-boot-starter-parent-4.0.3.pom
2026-02-24 15:51:09,442 [Worker-7: Import Getting Started Content] INFO  o.e.m.c.i.e.AbstractTransferListenerAdapter - Downloaded http://binrepo.poupex.com.br/repository/public/org/springframework/boot/spring-boot-starter-parent/4.0.3/spring-boot-starter-parent-4.0.3.pom
2026-02-24 15:51:09,523 [Worker-7: Import Getting Started Content] INFO  o.e.m.c.i.e.AbstractTransferListenerAdapter - Downloading http://binrepo.poupex.com.br/repository/public/org/springframework/boot/spring-boot-dependencies/4.0.3/spring-boot-dependencies-4.0.3.pom
2026-02-24 15:51:09,589 [Worker-7: Import Getting Started Content] INFO  o.e.m.c.i.e.AbstractTransferListenerAdapter - Downloaded http://binrepo.poupex.com.br/repository/public/org/springframework/boot/spring-boot-dependencies/4.0.3/spring-boot-dependencies-4.0.3.pom
2026-02-24 15:51:09,713 [Worker-7: Import Getting Started Content] INFO  o.e.m.c.i.e.AbstractTransferListenerAdapter - Downloading http://binrepo.poupex.com.br/repository/public/org/apache/activemq/artemis-bom/2.43.0/artemis-bom-2.43.0.pom
2026-02-24 15:51:09,751 [Worker-7: Import Getting Started Content] INFO  o.e.m.c.i.e.AbstractTransferListenerAdapter - Downloaded http://binrepo.poupex.com.br/repository/public/org/apache/activemq/artemis-bom/2.43.0/artemis-bom-2.43.0.pom
2026-02-24 15:51:09,792 [Worker-7: Import Getting Started Content] INFO  o.e.m.c.i.e.AbstractTransferListenerAdapter - Downloading http://binrepo.poupex.com.br/repository/public/org/apache/activemq/artemis-project/2.43.0/artemis-project-2.43.0.pom
2026-02-24 15:51:09,839 [Worker-7: Import Getting Started Content] INFO  o.e.m.c.i.e.AbstractTransferListenerAdapter - Downloaded http://binrepo.poupex.com.br/repository/public/org/apache/activemq/artemis-project/2.43.0/artemis-project-2.43.0.pom
2026-02-24 15:51:09,910 [Worker-7: Import Getting Started Content] INFO  o.e.m.c.i.e.AbstractTransferListenerAdapter - Downloading http://binrepo.poupex.com.br/repository/public/io/zipkin/brave/brave-bom/6.3.0/brave-bom-6.3.0.pom
2026-02-24 15:51:09,949 [Worker-7: Import Getting Started Content] INFO  o.e.m.c.i.e.AbstractTransferListenerAdapter - Downloaded http://binrepo.poupex.com.br/repository/public/io/zipkin/brave/brave-bom/6.3.0/brave-bom-6.3.0.pom
2026-02-24 15:51:09,992 [Worker-7: Import Getting Started Content] INFO  o.e.m.c.i.e.AbstractTransferListenerAdapter - Downloading http://binrepo.poupex.com.br/repository/public/org/apache/cassandra/java-driver-bom/4.19.2/java-driver-bom-4.19.2.pom
2026-02-24 15:51:10,031 [Worker-7: Import Getting Started Content] INFO  o.e.m.c.i.e.AbstractTransferListenerAdapter - Downloaded http://binrepo.poupex.com.br/repository/public/org/apache/cassandra/java-driver-bom/4.19.2/java-driver-bom-4.19.2.pom
2026-02-24 15:51:10,071 [Worker-7: Import Getting Started Content] INFO  o.e.m.c.i.e.AbstractTransferListenerAdapter - Downloading http://binrepo.poupex.com.br/repository/public/org/apache/groovy/groovy-bom/5.0.4/groovy-bom-5.0.4.pom
2026-02-24 15:51:10,110 [Worker-7: Import Getting Started Content] INFO  o.e.m.c.i.e.AbstractTransferListenerAdapter - Downloaded http://binrepo.poupex.com.br/repository/public/org/apache/groovy/groovy-bom/5.0.4/groovy-bom-5.0.4.pom
2026-02-24 15:51:10,159 [Worker-7: Import Getting Started Content] INFO  o.e.m.c.i.e.AbstractTransferListenerAdapter - Downloading http://binrepo.poupex.com.br/repository/public/com/fasterxml/jackson/jackson-bom/2.20.2/jackson-bom-2.20.2.pom
2026-02-24 15:51:10,196 [Worker-7: Import Getting Started Content] INFO  o.e.m.c.i.e.AbstractTransferListenerAdapter - Downloaded http://binrepo.poupex.com.br/repository/public/com/fasterxml/jackson/jackson-bom/2.20.2/jackson-bom-2.20.2.pom
2026-02-24 15:51:10,234 [Worker-7: Import Getting Started Content] INFO  o.e.m.c.i.e.AbstractTransferListenerAdapter - Downloading http://binrepo.poupex.com.br/repository/public/com/fasterxml/jackson/jackson-parent/2.20/jackson-parent-2.20.pom
2026-02-24 15:51:10,270 [Worker-7: Import Getting Started Content] INFO  o.e.m.c.i.e.AbstractTransferListenerAdapter - Downloaded http://binrepo.poupex.com.br/repository/public/com/fasterxml/jackson/jackson-parent/2.20/jackson-parent-2.20.pom
2026-02-24 15:51:10,312 [Worker-7: Import Getting Started Content] INFO  o.e.m.c.i.e.AbstractTransferListenerAdapter - Downloading http://binrepo.poupex.com.br/repository/public/com/fasterxml/oss-parent/70/oss-parent-70.pom
2026-02-24 15:51:10,352 [Worker-7: Import Getting Started Content] INFO  o.e.m.c.i.e.AbstractTransferListenerAdapter - Downloaded http://binrepo.poupex.com.br/repository/public/com/fasterxml/oss-parent/70/oss-parent-70.pom
2026-02-24 15:51:10,395 [Worker-7: Import Getting Started Content] INFO  o.e.m.c.i.e.AbstractTransferListenerAdapter - Downloading http://binrepo.poupex.com.br/repository/public/tools/jackson/jackson-bom/3.0.4/jackson-bom-3.0.4.pom
2026-02-24 15:51:10,433 [Worker-7: Import Getting Started Content] INFO  o.e.m.c.i.e.AbstractTransferListenerAdapter - Downloaded http://binrepo.poupex.com.br/repository/public/tools/jackson/jackson-bom/3.0.4/jackson-bom-3.0.4.pom
2026-02-24 15:51:10,470 [Worker-7: Import Getting Started Content] INFO  o.e.m.c.i.e.AbstractTransferListenerAdapter - Downloading http://binrepo.poupex.com.br/repository/public/com/fasterxml/oss-parent/73/oss-parent-73.pom
2026-02-24 15:51:10,511 [Worker-7: Import Getting Started Content] INFO  o.e.m.c.i.e.AbstractTransferListenerAdapter - Downloaded http://binrepo.poupex.com.br/repository/public/com/fasterxml/oss-parent/73/oss-parent-73.pom
2026-02-24 15:51:10,553 [Worker-7: Import Getting Started Content] INFO  o.e.m.c.i.e.AbstractTransferListenerAdapter - Downloading http://binrepo.poupex.com.br/repository/public/org/glassfish/jersey/jersey-bom/4.0.2/jersey-bom-4.0.2.pom
2026-02-24 15:51:10,591 [Worker-7: Import Getting Started Content] INFO  o.e.m.c.i.e.AbstractTransferListenerAdapter - Downloaded http://binrepo.poupex.com.br/repository/public/org/glassfish/jersey/jersey-bom/4.0.2/jersey-bom-4.0.2.pom
2026-02-24 15:51:10,633 [Worker-7: Import Getting Started Content] INFO  o.e.m.c.i.e.AbstractTransferListenerAdapter - Downloading http://binrepo.poupex.com.br/repository/public/org/eclipse/jetty/ee11/jetty-ee11-bom/12.1.6/jetty-ee11-bom-12.1.6.pom
2026-02-24 15:51:10,669 [Worker-7: Import Getting Started Content] INFO  o.e.m.c.i.e.AbstractTransferListenerAdapter - Downloaded http://binrepo.poupex.com.br/repository/public/org/eclipse/jetty/ee11/jetty-ee11-bom/12.1.6/jetty-ee11-bom-12.1.6.pom
2026-02-24 15:51:10,710 [Worker-7: Import Getting Started Content] INFO  o.e.m.c.i.e.AbstractTransferListenerAdapter - Downloading http://binrepo.poupex.com.br/repository/public/org/eclipse/jetty/jetty-bom/12.1.6/jetty-bom-12.1.6.pom
2026-02-24 15:51:10,750 [Worker-7: Import Getting Started Content] INFO  o.e.m.c.i.e.AbstractTransferListenerAdapter - Downloaded http://binrepo.poupex.com.br/repository/public/org/eclipse/jetty/jetty-bom/12.1.6/jetty-bom-12.1.6.pom
2026-02-24 15:51:10,792 [Worker-7: Import Getting Started Content] INFO  o.e.m.c.i.e.AbstractTransferListenerAdapter - Downloading http://binrepo.poupex.com.br/repository/public/org/jooq/jooq-bom/3.19.30/jooq-bom-3.19.30.pom
2026-02-24 15:51:10,832 [Worker-7: Import Getting Started Content] INFO  o.e.m.c.i.e.AbstractTransferListenerAdapter - Downloaded http://binrepo.poupex.com.br/repository/public/org/jooq/jooq-bom/3.19.30/jooq-bom-3.19.30.pom
2026-02-24 15:51:10,876 [Worker-7: Import Getting Started Content] INFO  o.e.m.c.i.e.AbstractTransferListenerAdapter - Downloading http://binrepo.poupex.com.br/repository/public/org/junit/junit-bom/6.0.3/junit-bom-6.0.3.pom
2026-02-24 15:51:10,914 [Worker-7: Import Getting Started Content] INFO  o.e.m.c.i.e.AbstractTransferListenerAdapter - Downloaded http://binrepo.poupex.com.br/repository/public/org/junit/junit-bom/6.0.3/junit-bom-6.0.3.pom
2026-02-24 15:51:10,955 [Worker-7: Import Getting Started Content] INFO  o.e.m.c.i.e.AbstractTransferListenerAdapter - Downloading http://binrepo.poupex.com.br/repository/public/org/jetbrains/kotlin/kotlin-bom/2.2.21/kotlin-bom-2.2.21.pom
2026-02-24 15:51:10,990 [Worker-7: Import Getting Started Content] INFO  o.e.m.c.i.e.AbstractTransferListenerAdapter - Downloaded http://binrepo.poupex.com.br/repository/public/org/jetbrains/kotlin/kotlin-bom/2.2.21/kotlin-bom-2.2.21.pom
2026-02-24 15:51:11,030 [Worker-7: Import Getting Started Content] INFO  o.e.m.c.i.e.AbstractTransferListenerAdapter - Downloading http://binrepo.poupex.com.br/repository/public/org/jetbrains/kotlinx/kotlinx-coroutines-bom/1.10.2/kotlinx-coroutines-bom-1.10.2.pom
2026-02-24 15:51:11,069 [Worker-7: Import Getting Started Content] INFO  o.e.m.c.i.e.AbstractTransferListenerAdapter - Downloaded http://binrepo.poupex.com.br/repository/public/org/jetbrains/kotlinx/kotlinx-coroutines-bom/1.10.2/kotlinx-coroutines-bom-1.10.2.pom
2026-02-24 15:51:11,109 [Worker-7: Import Getting Started Content] INFO  o.e.m.c.i.e.AbstractTransferListenerAdapter - Downloading http://binrepo.poupex.com.br/repository/public/org/jetbrains/kotlinx/kotlinx-serialization-bom/1.9.0/kotlinx-serialization-bom-1.9.0.pom
2026-02-24 15:51:11,152 [Worker-7: Import Getting Started Content] INFO  o.e.m.c.i.e.AbstractTransferListenerAdapter - Downloaded http://binrepo.poupex.com.br/repository/public/org/jetbrains/kotlinx/kotlinx-serialization-bom/1.9.0/kotlinx-serialization-bom-1.9.0.pom
2026-02-24 15:51:11,194 [Worker-7: Import Getting Started Content] INFO  o.e.m.c.i.e.AbstractTransferListenerAdapter - Downloading http://binrepo.poupex.com.br/repository/public/org/apache/logging/log4j/log4j-bom/2.25.3/log4j-bom-2.25.3.pom
2026-02-24 15:51:11,232 [Worker-7: Import Getting Started Content] INFO  o.e.m.c.i.e.AbstractTransferListenerAdapter - Downloaded http://binrepo.poupex.com.br/repository/public/org/apache/logging/log4j/log4j-bom/2.25.3/log4j-bom-2.25.3.pom
2026-02-24 15:51:11,273 [Worker-7: Import Getting Started Content] INFO  o.e.m.c.i.e.AbstractTransferListenerAdapter - Downloading http://binrepo.poupex.com.br/repository/public/io/micrometer/micrometer-bom/1.16.3/micrometer-bom-1.16.3.pom
2026-02-24 15:51:11,312 [Worker-7: Import Getting Started Content] INFO  o.e.m.c.i.e.AbstractTransferListenerAdapter - Downloaded http://binrepo.poupex.com.br/repository/public/io/micrometer/micrometer-bom/1.16.3/micrometer-bom-1.16.3.pom
2026-02-24 15:51:11,351 [Worker-7: Import Getting Started Content] INFO  o.e.m.c.i.e.AbstractTransferListenerAdapter - Downloading http://binrepo.poupex.com.br/repository/public/io/micrometer/micrometer-tracing-bom/1.6.3/micrometer-tracing-bom-1.6.3.pom
2026-02-24 15:51:11,387 [Worker-7: Import Getting Started Content] INFO  o.e.m.c.i.e.AbstractTransferListenerAdapter - Downloaded http://binrepo.poupex.com.br/repository/public/io/micrometer/micrometer-tracing-bom/1.6.3/micrometer-tracing-bom-1.6.3.pom
2026-02-24 15:51:11,436 [Worker-7: Import Getting Started Content] INFO  o.e.m.c.i.e.AbstractTransferListenerAdapter - Downloading http://binrepo.poupex.com.br/repository/public/org/mockito/mockito-bom/5.20.0/mockito-bom-5.20.0.pom
2026-02-24 15:51:11,472 [Worker-7: Import Getting Started Content] INFO  o.e.m.c.i.e.AbstractTransferListenerAdapter - Downloaded http://binrepo.poupex.com.br/repository/public/org/mockito/mockito-bom/5.20.0/mockito-bom-5.20.0.pom
2026-02-24 15:51:11,511 [Worker-7: Import Getting Started Content] INFO  o.e.m.c.i.e.AbstractTransferListenerAdapter - Downloading http://binrepo.poupex.com.br/repository/public/org/mongodb/mongodb-driver-bom/5.6.3/mongodb-driver-bom-5.6.3.pom
2026-02-24 15:51:11,548 [Worker-7: Import Getting Started Content] INFO  o.e.m.c.i.e.AbstractTransferListenerAdapter - Downloaded http://binrepo.poupex.com.br/repository/public/org/mongodb/mongodb-driver-bom/5.6.3/mongodb-driver-bom-5.6.3.pom
2026-02-24 15:51:11,588 [Worker-7: Import Getting Started Content] INFO  o.e.m.c.i.e.AbstractTransferListenerAdapter - Downloading http://binrepo.poupex.com.br/repository/public/org/neo4j/driver/neo4j-java-driver-bom/6.0.2/neo4j-java-driver-bom-6.0.2.pom
2026-02-24 15:51:11,627 [Worker-7: Import Getting Started Content] INFO  o.e.m.c.i.e.AbstractTransferListenerAdapter - Downloaded http://binrepo.poupex.com.br/repository/public/org/neo4j/driver/neo4j-java-driver-bom/6.0.2/neo4j-java-driver-bom-6.0.2.pom
2026-02-24 15:51:11,666 [Worker-7: Import Getting Started Content] INFO  o.e.m.c.i.e.AbstractTransferListenerAdapter - Downloading http://binrepo.poupex.com.br/repository/public/org/neo4j/bolt/neo4j-bolt-connection-bom/10.1.0/neo4j-bolt-connection-bom-10.1.0.pom
2026-02-24 15:51:11,701 [Worker-7: Import Getting Started Content] INFO  o.e.m.c.i.e.AbstractTransferListenerAdapter - Downloaded http://binrepo.poupex.com.br/repository/public/org/neo4j/bolt/neo4j-bolt-connection-bom/10.1.0/neo4j-bolt-connection-bom-10.1.0.pom
2026-02-24 15:51:11,740 [Worker-7: Import Getting Started Content] INFO  o.e.m.c.i.e.AbstractTransferListenerAdapter - Downloading http://binrepo.poupex.com.br/repository/public/io/netty/netty-bom/4.2.10.Final/netty-bom-4.2.10.Final.pom
2026-02-24 15:51:11,777 [Worker-7: Import Getting Started Content] INFO  o.e.m.c.i.e.AbstractTransferListenerAdapter - Downloaded http://binrepo.poupex.com.br/repository/public/io/netty/netty-bom/4.2.10.Final/netty-bom-4.2.10.Final.pom
2026-02-24 15:51:11,819 [Worker-7: Import Getting Started Content] INFO  o.e.m.c.i.e.AbstractTransferListenerAdapter - Downloading http://binrepo.poupex.com.br/repository/public/io/opentelemetry/opentelemetry-bom/1.55.0/opentelemetry-bom-1.55.0.pom
2026-02-24 15:51:11,858 [Worker-7: Import Getting Started Content] INFO  o.e.m.c.i.e.AbstractTransferListenerAdapter - Downloaded http://binrepo.poupex.com.br/repository/public/io/opentelemetry/opentelemetry-bom/1.55.0/opentelemetry-bom-1.55.0.pom
2026-02-24 15:51:11,899 [Worker-7: Import Getting Started Content] INFO  o.e.m.c.i.e.AbstractTransferListenerAdapter - Downloading http://binrepo.poupex.com.br/repository/public/io/prometheus/prometheus-metrics-bom/1.4.3/prometheus-metrics-bom-1.4.3.pom
2026-02-24 15:51:11,938 [Worker-7: Import Getting Started Content] INFO  o.e.m.c.i.e.AbstractTransferListenerAdapter - Downloaded http://binrepo.poupex.com.br/repository/public/io/prometheus/prometheus-metrics-bom/1.4.3/prometheus-metrics-bom-1.4.3.pom
2026-02-24 15:51:11,975 [Worker-7: Import Getting Started Content] INFO  o.e.m.c.i.e.AbstractTransferListenerAdapter - Downloading http://binrepo.poupex.com.br/repository/public/io/prometheus/client_java_parent/1.4.3/client_java_parent-1.4.3.pom
2026-02-24 15:51:12,012 [Worker-7: Import Getting Started Content] INFO  o.e.m.c.i.e.AbstractTransferListenerAdapter - Downloaded http://binrepo.poupex.com.br/repository/public/io/prometheus/client_java_parent/1.4.3/client_java_parent-1.4.3.pom
2026-02-24 15:51:12,062 [Worker-7: Import Getting Started Content] INFO  o.e.m.c.i.e.AbstractTransferListenerAdapter - Downloading http://binrepo.poupex.com.br/repository/public/org/apache/pulsar/pulsar-bom/4.1.2/pulsar-bom-4.1.2.pom
2026-02-24 15:51:12,099 [Worker-7: Import Getting Started Content] INFO  o.e.m.c.i.e.AbstractTransferListenerAdapter - Downloaded http://binrepo.poupex.com.br/repository/public/org/apache/pulsar/pulsar-bom/4.1.2/pulsar-bom-4.1.2.pom
2026-02-24 15:51:12,140 [Worker-7: Import Getting Started Content] INFO  o.e.m.c.i.e.AbstractTransferListenerAdapter - Downloading http://binrepo.poupex.com.br/repository/public/io/projectreactor/reactor-bom/2025.0.3/reactor-bom-2025.0.3.pom
2026-02-24 15:51:12,177 [Worker-7: Import Getting Started Content] INFO  o.e.m.c.i.e.AbstractTransferListenerAdapter - Downloaded http://binrepo.poupex.com.br/repository/public/io/projectreactor/reactor-bom/2025.0.3/reactor-bom-2025.0.3.pom
2026-02-24 15:51:12,217 [Worker-7: Import Getting Started Content] INFO  o.e.m.c.i.e.AbstractTransferListenerAdapter - Downloading http://binrepo.poupex.com.br/repository/public/org/seleniumhq/selenium/selenium-bom/4.37.0/selenium-bom-4.37.0.pom
2026-02-24 15:51:12,256 [Worker-7: Import Getting Started Content] INFO  o.e.m.c.i.e.AbstractTransferListenerAdapter - Downloaded http://binrepo.poupex.com.br/repository/public/org/seleniumhq/selenium/selenium-bom/4.37.0/selenium-bom-4.37.0.pom
2026-02-24 15:51:12,298 [Worker-7: Import Getting Started Content] INFO  o.e.m.c.i.e.AbstractTransferListenerAdapter - Downloading http://binrepo.poupex.com.br/repository/public/org/springframework/amqp/spring-amqp-bom/4.0.2/spring-amqp-bom-4.0.2.pom
2026-02-24 15:51:12,337 [Worker-7: Import Getting Started Content] INFO  o.e.m.c.i.e.AbstractTransferListenerAdapter - Downloaded http://binrepo.poupex.com.br/repository/public/org/springframework/amqp/spring-amqp-bom/4.0.2/spring-amqp-bom-4.0.2.pom
2026-02-24 15:51:12,375 [Worker-7: Import Getting Started Content] INFO  o.e.m.c.i.e.AbstractTransferListenerAdapter - Downloading http://binrepo.poupex.com.br/repository/public/org/springframework/batch/spring-batch-bom/6.0.2/spring-batch-bom-6.0.2.pom
2026-02-24 15:51:12,412 [Worker-7: Import Getting Started Content] INFO  o.e.m.c.i.e.AbstractTransferListenerAdapter - Downloaded http://binrepo.poupex.com.br/repository/public/org/springframework/batch/spring-batch-bom/6.0.2/spring-batch-bom-6.0.2.pom
2026-02-24 15:51:12,448 [Worker-7: Import Getting Started Content] INFO  o.e.m.c.i.e.AbstractTransferListenerAdapter - Downloading http://binrepo.poupex.com.br/repository/public/org/springframework/data/spring-data-bom/2025.1.3/spring-data-bom-2025.1.3.pom
2026-02-24 15:51:12,483 [Worker-7: Import Getting Started Content] INFO  o.e.m.c.i.e.AbstractTransferListenerAdapter - Downloaded http://binrepo.poupex.com.br/repository/public/org/springframework/data/spring-data-bom/2025.1.3/spring-data-bom-2025.1.3.pom
2026-02-24 15:51:12,518 [Worker-7: Import Getting Started Content] INFO  o.e.m.c.i.e.AbstractTransferListenerAdapter - Downloading http://binrepo.poupex.com.br/repository/public/org/springframework/spring-framework-bom/7.0.5/spring-framework-bom-7.0.5.pom
2026-02-24 15:51:12,566 [Worker-7: Import Getting Started Content] INFO  o.e.m.c.i.e.AbstractTransferListenerAdapter - Downloaded http://binrepo.poupex.com.br/repository/public/org/springframework/spring-framework-bom/7.0.5/spring-framework-bom-7.0.5.pom
2026-02-24 15:51:12,602 [Worker-7: Import Getting Started Content] INFO  o.e.m.c.i.e.AbstractTransferListenerAdapter - Downloading http://binrepo.poupex.com.br/repository/public/org/springframework/integration/spring-integration-bom/7.0.3/spring-integration-bom-7.0.3.pom
2026-02-24 15:51:12,640 [Worker-7: Import Getting Started Content] INFO  o.e.m.c.i.e.AbstractTransferListenerAdapter - Downloaded http://binrepo.poupex.com.br/repository/public/org/springframework/integration/spring-integration-bom/7.0.3/spring-integration-bom-7.0.3.pom
2026-02-24 15:51:12,679 [Worker-7: Import Getting Started Content] INFO  o.e.m.c.i.e.AbstractTransferListenerAdapter - Downloading http://binrepo.poupex.com.br/repository/public/org/springframework/pulsar/spring-pulsar-bom/2.0.3/spring-pulsar-bom-2.0.3.pom
2026-02-24 15:51:12,719 [Worker-7: Import Getting Started Content] INFO  o.e.m.c.i.e.AbstractTransferListenerAdapter - Downloaded http://binrepo.poupex.com.br/repository/public/org/springframework/pulsar/spring-pulsar-bom/2.0.3/spring-pulsar-bom-2.0.3.pom
2026-02-24 15:51:12,762 [Worker-7: Import Getting Started Content] INFO  o.e.m.c.i.e.AbstractTransferListenerAdapter - Downloading http://binrepo.poupex.com.br/repository/public/org/springframework/restdocs/spring-restdocs-bom/4.0.0/spring-restdocs-bom-4.0.0.pom
2026-02-24 15:51:12,800 [Worker-7: Import Getting Started Content] INFO  o.e.m.c.i.e.AbstractTransferListenerAdapter - Downloaded http://binrepo.poupex.com.br/repository/public/org/springframework/restdocs/spring-restdocs-bom/4.0.0/spring-restdocs-bom-4.0.0.pom
2026-02-24 15:51:12,837 [Worker-7: Import Getting Started Content] INFO  o.e.m.c.i.e.AbstractTransferListenerAdapter - Downloading http://binrepo.poupex.com.br/repository/public/org/springframework/security/spring-security-bom/7.0.3/spring-security-bom-7.0.3.pom
2026-02-24 15:51:12,882 [Worker-7: Import Getting Started Content] INFO  o.e.m.c.i.e.AbstractTransferListenerAdapter - Downloaded http://binrepo.poupex.com.br/repository/public/org/springframework/security/spring-security-bom/7.0.3/spring-security-bom-7.0.3.pom
2026-02-24 15:51:12,919 [Worker-7: Import Getting Started Content] INFO  o.e.m.c.i.e.AbstractTransferListenerAdapter - Downloading http://binrepo.poupex.com.br/repository/public/org/springframework/session/spring-session-bom/4.0.2/spring-session-bom-4.0.2.pom
2026-02-24 15:51:12,960 [Worker-7: Import Getting Started Content] INFO  o.e.m.c.i.e.AbstractTransferListenerAdapter - Downloaded http://binrepo.poupex.com.br/repository/public/org/springframework/session/spring-session-bom/4.0.2/spring-session-bom-4.0.2.pom
2026-02-24 15:51:12,999 [Worker-7: Import Getting Started Content] INFO  o.e.m.c.i.e.AbstractTransferListenerAdapter - Downloading http://binrepo.poupex.com.br/repository/public/org/springframework/ws/spring-ws-bom/5.0.0/spring-ws-bom-5.0.0.pom
2026-02-24 15:51:13,037 [Worker-7: Import Getting Started Content] INFO  o.e.m.c.i.e.AbstractTransferListenerAdapter - Downloaded http://binrepo.poupex.com.br/repository/public/org/springframework/ws/spring-ws-bom/5.0.0/spring-ws-bom-5.0.0.pom
2026-02-24 15:51:13,075 [Worker-7: Import Getting Started Content] INFO  o.e.m.c.i.e.AbstractTransferListenerAdapter - Downloading http://binrepo.poupex.com.br/repository/public/org/testcontainers/testcontainers-bom/2.0.3/testcontainers-bom-2.0.3.pom
2026-02-24 15:51:13,110 [Worker-7: Import Getting Started Content] INFO  o.e.m.c.i.e.AbstractTransferListenerAdapter - Downloaded http://binrepo.poupex.com.br/repository/public/org/testcontainers/testcontainers-bom/2.0.3/testcontainers-bom-2.0.3.pom
2026-02-24 15:51:13,618 [Worker-7: Import Getting Started Content] INFO  o.e.m.c.i.e.AbstractTransferListenerAdapter - Downloading http://binrepo.poupex.com.br/repository/public/org/springframework/boot/spring-boot-maven-plugin/4.0.3/spring-boot-maven-plugin-4.0.3.pom
2026-02-24 15:51:13,654 [Worker-7: Import Getting Started Content] INFO  o.e.m.c.i.e.AbstractTransferListenerAdapter - Downloaded http://binrepo.poupex.com.br/repository/public/org/springframework/boot/spring-boot-maven-plugin/4.0.3/spring-boot-maven-plugin-4.0.3.pom
2026-02-24 15:51:13,697 [Worker-7: Import Getting Started Content] INFO  o.e.m.c.i.e.AbstractTransferListenerAdapter - Downloading http://binrepo.poupex.com.br/repository/public/org/springframework/boot/spring-boot-maven-plugin/4.0.3/spring-boot-maven-plugin-4.0.3.jar
2026-02-24 15:51:13,762 [Worker-7: Import Getting Started Content] INFO  o.e.m.c.i.e.AbstractTransferListenerAdapter - Downloaded http://binrepo.poupex.com.br/repository/public/org/springframework/boot/spring-boot-maven-plugin/4.0.3/spring-boot-maven-plugin-4.0.3.jar
2026-02-24 15:51:13,840 [Worker-7: Import Getting Started Content] INFO  o.e.m.c.i.e.AbstractTransferListenerAdapter - Downloading http://binrepo.poupex.com.br/repository/public/org/apache/maven/plugins/maven-clean-plugin/3.5.0/maven-clean-plugin-3.5.0.jar
2026-02-24 15:51:13,895 [Worker-7: Import Getting Started Content] INFO  o.e.m.c.i.e.AbstractTransferListenerAdapter - Downloaded http://binrepo.poupex.com.br/repository/public/org/apache/maven/plugins/maven-clean-plugin/3.5.0/maven-clean-plugin-3.5.0.jar
2026-02-24 15:51:13,946 [Worker-7: Import Getting Started Content] INFO  o.e.m.c.i.e.AbstractTransferListenerAdapter - Downloading http://binrepo.poupex.com.br/repository/public/org/apache/maven/plugins/maven-surefire-plugin/3.5.4/maven-surefire-plugin-3.5.4.jar
2026-02-24 15:51:13,995 [Worker-7: Import Getting Started Content] INFO  o.e.m.c.i.e.AbstractTransferListenerAdapter - Downloaded http://binrepo.poupex.com.br/repository/public/org/apache/maven/plugins/maven-surefire-plugin/3.5.4/maven-surefire-plugin-3.5.4.jar
2026-02-24 15:51:15,289 [Worker-7: Import Getting Started Content] INFO  o.e.m.c.i.l.LifecycleMappingFactory - Using org.eclipse.m2e.jdt.JarLifecycleMapping lifecycle mapping for MavenProject: com.loiane:crud-spring:0.0.1-SNAPSHOT @ D:\Projetos\crud-angular-spring\crud-spring\pom.xml.
2026-02-24 15:51:15,492 [Worker-7: Import Getting Started Content] INFO  o.e.m.c.i.e.AbstractTransferListenerAdapter - Downloading http://binrepo.poupex.com.br/repository/public/org/springframework/boot/spring-boot-h2console/4.0.3/spring-boot-h2console-4.0.3.pom
2026-02-24 15:51:15,567 [Worker-7: Import Getting Started Content] INFO  o.e.m.c.i.e.AbstractTransferListenerAdapter - Downloaded http://binrepo.poupex.com.br/repository/public/org/springframework/boot/spring-boot-h2console/4.0.3/spring-boot-h2console-4.0.3.pom
2026-02-24 15:51:15,631 [Worker-7: Import Getting Started Content] INFO  o.e.m.c.i.e.AbstractTransferListenerAdapter - Downloading http://binrepo.poupex.com.br/repository/public/org/springframework/boot/spring-boot/4.0.3/spring-boot-4.0.3.pom
2026-02-24 15:51:15,668 [Worker-7: Import Getting Started Content] INFO  o.e.m.c.i.e.AbstractTransferListenerAdapter - Downloaded http://binrepo.poupex.com.br/repository/public/org/springframework/boot/spring-boot/4.0.3/spring-boot-4.0.3.pom
2026-02-24 15:51:15,709 [Worker-7: Import Getting Started Content] INFO  o.e.m.c.i.e.AbstractTransferListenerAdapter - Downloading http://binrepo.poupex.com.br/repository/public/org/springframework/spring-core/7.0.5/spring-core-7.0.5.pom
2026-02-24 15:51:15,744 [Worker-7: Import Getting Started Content] INFO  o.e.m.c.i.e.AbstractTransferListenerAdapter - Downloaded http://binrepo.poupex.com.br/repository/public/org/springframework/spring-core/7.0.5/spring-core-7.0.5.pom
2026-02-24 15:51:15,784 [Worker-7: Import Getting Started Content] INFO  o.e.m.c.i.e.AbstractTransferListenerAdapter - Downloading http://binrepo.poupex.com.br/repository/public/commons-logging/commons-logging/1.3.5/commons-logging-1.3.5.pom
2026-02-24 15:51:15,821 [Worker-7: Import Getting Started Content] INFO  o.e.m.c.i.e.AbstractTransferListenerAdapter - Downloaded http://binrepo.poupex.com.br/repository/public/commons-logging/commons-logging/1.3.5/commons-logging-1.3.5.pom
2026-02-24 15:51:15,863 [Worker-7: Import Getting Started Content] INFO  o.e.m.c.i.e.AbstractTransferListenerAdapter - Downloading http://binrepo.poupex.com.br/repository/public/org/apache/commons/commons-parent/81/commons-parent-81.pom
2026-02-24 15:51:15,919 [Worker-7: Import Getting Started Content] INFO  o.e.m.c.i.e.AbstractTransferListenerAdapter - Downloaded http://binrepo.poupex.com.br/repository/public/org/apache/commons/commons-parent/81/commons-parent-81.pom
2026-02-24 15:51:15,966 [Worker-7: Import Getting Started Content] INFO  o.e.m.c.i.e.AbstractTransferListenerAdapter - Downloading http://binrepo.poupex.com.br/repository/public/org/jspecify/jspecify/1.0.0/jspecify-1.0.0.pom
2026-02-24 15:51:16,002 [Worker-7: Import Getting Started Content] INFO  o.e.m.c.i.e.AbstractTransferListenerAdapter - Downloaded http://binrepo.poupex.com.br/repository/public/org/jspecify/jspecify/1.0.0/jspecify-1.0.0.pom
2026-02-24 15:51:16,039 [Worker-7: Import Getting Started Content] INFO  o.e.m.c.i.e.AbstractTransferListenerAdapter - Downloading http://binrepo.poupex.com.br/repository/public/org/springframework/spring-context/7.0.5/spring-context-7.0.5.pom
2026-02-24 15:51:16,077 [Worker-7: Import Getting Started Content] INFO  o.e.m.c.i.e.AbstractTransferListenerAdapter - Downloaded http://binrepo.poupex.com.br/repository/public/org/springframework/spring-context/7.0.5/spring-context-7.0.5.pom
2026-02-24 15:51:16,112 [Worker-7: Import Getting Started Content] INFO  o.e.m.c.i.e.AbstractTransferListenerAdapter - Downloading http://binrepo.poupex.com.br/repository/public/org/springframework/spring-aop/7.0.5/spring-aop-7.0.5.pom
2026-02-24 15:51:16,147 [Worker-7: Import Getting Started Content] INFO  o.e.m.c.i.e.AbstractTransferListenerAdapter - Downloaded http://binrepo.poupex.com.br/repository/public/org/springframework/spring-aop/7.0.5/spring-aop-7.0.5.pom
2026-02-24 15:51:16,186 [Worker-7: Import Getting Started Content] INFO  o.e.m.c.i.e.AbstractTransferListenerAdapter - Downloading http://binrepo.poupex.com.br/repository/public/org/springframework/spring-beans/7.0.5/spring-beans-7.0.5.pom
2026-02-24 15:51:16,223 [Worker-7: Import Getting Started Content] INFO  o.e.m.c.i.e.AbstractTransferListenerAdapter - Downloaded http://binrepo.poupex.com.br/repository/public/org/springframework/spring-beans/7.0.5/spring-beans-7.0.5.pom
2026-02-24 15:51:16,268 [Worker-7: Import Getting Started Content] INFO  o.e.m.c.i.e.AbstractTransferListenerAdapter - Downloading http://binrepo.poupex.com.br/repository/public/org/springframework/spring-expression/7.0.5/spring-expression-7.0.5.pom
2026-02-24 15:51:16,304 [Worker-7: Import Getting Started Content] INFO  o.e.m.c.i.e.AbstractTransferListenerAdapter - Downloaded http://binrepo.poupex.com.br/repository/public/org/springframework/spring-expression/7.0.5/spring-expression-7.0.5.pom
2026-02-24 15:51:16,338 [Worker-7: Import Getting Started Content] INFO  o.e.m.c.i.e.AbstractTransferListenerAdapter - Downloading http://binrepo.poupex.com.br/repository/public/io/micrometer/micrometer-observation/1.16.3/micrometer-observation-1.16.3.pom
2026-02-24 15:51:16,375 [Worker-7: Import Getting Started Content] INFO  o.e.m.c.i.e.AbstractTransferListenerAdapter - Downloaded http://binrepo.poupex.com.br/repository/public/io/micrometer/micrometer-observation/1.16.3/micrometer-observation-1.16.3.pom
2026-02-24 15:51:16,412 [Worker-7: Import Getting Started Content] INFO  o.e.m.c.i.e.AbstractTransferListenerAdapter - Downloading http://binrepo.poupex.com.br/repository/public/io/micrometer/micrometer-commons/1.16.3/micrometer-commons-1.16.3.pom
2026-02-24 15:51:16,450 [Worker-7: Import Getting Started Content] INFO  o.e.m.c.i.e.AbstractTransferListenerAdapter - Downloaded http://binrepo.poupex.com.br/repository/public/io/micrometer/micrometer-commons/1.16.3/micrometer-commons-1.16.3.pom
2026-02-24 15:51:16,492 [Worker-7: Import Getting Started Content] INFO  o.e.m.c.i.e.AbstractTransferListenerAdapter - Downloading http://binrepo.poupex.com.br/repository/public/jakarta/servlet/jakarta.servlet-api/6.1.0/jakarta.servlet-api-6.1.0.pom
2026-02-24 15:51:16,530 [Worker-7: Import Getting Started Content] INFO  o.e.m.c.i.e.AbstractTransferListenerAdapter - Downloaded http://binrepo.poupex.com.br/repository/public/jakarta/servlet/jakarta.servlet-api/6.1.0/jakarta.servlet-api-6.1.0.pom
2026-02-24 15:51:16,569 [Worker-7: Import Getting Started Content] INFO  o.e.m.c.i.e.AbstractTransferListenerAdapter - Downloading http://binrepo.poupex.com.br/repository/public/com/h2database/h2/2.4.240/h2-2.4.240.pom
2026-02-24 15:51:16,606 [Worker-7: Import Getting Started Content] INFO  o.e.m.c.i.e.AbstractTransferListenerAdapter - Downloaded http://binrepo.poupex.com.br/repository/public/com/h2database/h2/2.4.240/h2-2.4.240.pom
2026-02-24 15:51:16,642 [Worker-7: Import Getting Started Content] INFO  o.e.m.c.i.e.AbstractTransferListenerAdapter - Downloading http://binrepo.poupex.com.br/repository/public/org/springframework/boot/spring-boot-starter-data-jpa/4.0.3/spring-boot-starter-data-jpa-4.0.3.pom
2026-02-24 15:51:16,677 [Worker-7: Import Getting Started Content] INFO  o.e.m.c.i.e.AbstractTransferListenerAdapter - Downloaded http://binrepo.poupex.com.br/repository/public/org/springframework/boot/spring-boot-starter-data-jpa/4.0.3/spring-boot-starter-data-jpa-4.0.3.pom
2026-02-24 15:51:16,716 [Worker-7: Import Getting Started Content] INFO  o.e.m.c.i.e.AbstractTransferListenerAdapter - Downloading http://binrepo.poupex.com.br/repository/public/org/springframework/boot/spring-boot-starter/4.0.3/spring-boot-starter-4.0.3.pom
2026-02-24 15:51:16,750 [Worker-7: Import Getting Started Content] INFO  o.e.m.c.i.e.AbstractTransferListenerAdapter - Downloaded http://binrepo.poupex.com.br/repository/public/org/springframework/boot/spring-boot-starter/4.0.3/spring-boot-starter-4.0.3.pom
2026-02-24 15:51:16,789 [Worker-7: Import Getting Started Content] INFO  o.e.m.c.i.e.AbstractTransferListenerAdapter - Downloading http://binrepo.poupex.com.br/repository/public/org/springframework/boot/spring-boot-starter-logging/4.0.3/spring-boot-starter-logging-4.0.3.pom
2026-02-24 15:51:16,824 [Worker-7: Import Getting Started Content] INFO  o.e.m.c.i.e.AbstractTransferListenerAdapter - Downloaded http://binrepo.poupex.com.br/repository/public/org/springframework/boot/spring-boot-starter-logging/4.0.3/spring-boot-starter-logging-4.0.3.pom
2026-02-24 15:51:16,862 [Worker-7: Import Getting Started Content] INFO  o.e.m.c.i.e.AbstractTransferListenerAdapter - Downloading http://binrepo.poupex.com.br/repository/public/ch/qos/logback/logback-classic/1.5.32/logback-classic-1.5.32.pom
2026-02-24 15:51:16,898 [Worker-7: Import Getting Started Content] INFO  o.e.m.c.i.e.AbstractTransferListenerAdapter - Downloaded http://binrepo.poupex.com.br/repository/public/ch/qos/logback/logback-classic/1.5.32/logback-classic-1.5.32.pom
2026-02-24 15:51:16,937 [Worker-7: Import Getting Started Content] INFO  o.e.m.c.i.e.AbstractTransferListenerAdapter - Downloading http://binrepo.poupex.com.br/repository/public/ch/qos/logback/logback-parent/1.5.32/logback-parent-1.5.32.pom
2026-02-24 15:51:16,974 [Worker-7: Import Getting Started Content] INFO  o.e.m.c.i.e.AbstractTransferListenerAdapter - Downloaded http://binrepo.poupex.com.br/repository/public/ch/qos/logback/logback-parent/1.5.32/logback-parent-1.5.32.pom
2026-02-24 15:51:17,014 [Worker-7: Import Getting Started Content] INFO  o.e.m.c.i.e.AbstractTransferListenerAdapter - Downloading http://binrepo.poupex.com.br/repository/public/ch/qos/logback/logback-core/1.5.32/logback-core-1.5.32.pom
2026-02-24 15:51:17,050 [Worker-7: Import Getting Started Content] INFO  o.e.m.c.i.e.AbstractTransferListenerAdapter - Downloaded http://binrepo.poupex.com.br/repository/public/ch/qos/logback/logback-core/1.5.32/logback-core-1.5.32.pom
2026-02-24 15:51:17,098 [Worker-7: Import Getting Started Content] INFO  o.e.m.c.i.e.AbstractTransferListenerAdapter - Downloading http://binrepo.poupex.com.br/repository/public/org/apache/logging/log4j/log4j-to-slf4j/2.25.3/log4j-to-slf4j-2.25.3.pom
2026-02-24 15:51:17,134 [Worker-7: Import Getting Started Content] INFO  o.e.m.c.i.e.AbstractTransferListenerAdapter - Downloaded http://binrepo.poupex.com.br/repository/public/org/apache/logging/log4j/log4j-to-slf4j/2.25.3/log4j-to-slf4j-2.25.3.pom
2026-02-24 15:51:17,173 [Worker-7: Import Getting Started Content] INFO  o.e.m.c.i.e.AbstractTransferListenerAdapter - Downloading http://binrepo.poupex.com.br/repository/public/org/apache/logging/log4j/log4j/2.25.3/log4j-2.25.3.pom
2026-02-24 15:51:17,212 [Worker-7: Import Getting Started Content] INFO  o.e.m.c.i.e.AbstractTransferListenerAdapter - Downloaded http://binrepo.poupex.com.br/repository/public/org/apache/logging/log4j/log4j/2.25.3/log4j-2.25.3.pom
2026-02-24 15:51:17,252 [Worker-7: Import Getting Started Content] INFO  o.e.m.c.i.e.AbstractTransferListenerAdapter - Downloading http://binrepo.poupex.com.br/repository/public/org/apache/groovy/groovy-bom/4.0.27/groovy-bom-4.0.27.pom
2026-02-24 15:51:17,291 [Worker-7: Import Getting Started Content] INFO  o.e.m.c.i.e.AbstractTransferListenerAdapter - Downloaded http://binrepo.poupex.com.br/repository/public/org/apache/groovy/groovy-bom/4.0.27/groovy-bom-4.0.27.pom
2026-02-24 15:51:17,329 [Worker-7: Import Getting Started Content] INFO  o.e.m.c.i.e.AbstractTransferListenerAdapter - Downloading http://binrepo.poupex.com.br/repository/public/com/fasterxml/jackson/jackson-bom/2.19.1/jackson-bom-2.19.1.pom
2026-02-24 15:51:17,366 [Worker-7: Import Getting Started Content] INFO  o.e.m.c.i.e.AbstractTransferListenerAdapter - Downloaded http://binrepo.poupex.com.br/repository/public/com/fasterxml/jackson/jackson-bom/2.19.1/jackson-bom-2.19.1.pom
2026-02-24 15:51:17,402 [Worker-7: Import Getting Started Content] INFO  o.e.m.c.i.e.AbstractTransferListenerAdapter - Downloading http://binrepo.poupex.com.br/repository/public/com/fasterxml/jackson/jackson-parent/2.19.2/jackson-parent-2.19.2.pom
2026-02-24 15:51:17,438 [Worker-7: Import Getting Started Content] INFO  o.e.m.c.i.e.AbstractTransferListenerAdapter - Downloaded http://binrepo.poupex.com.br/repository/public/com/fasterxml/jackson/jackson-parent/2.19.2/jackson-parent-2.19.2.pom
2026-02-24 15:51:17,488 [Worker-7: Import Getting Started Content] INFO  o.e.m.c.i.e.AbstractTransferListenerAdapter - Downloading http://binrepo.poupex.com.br/repository/public/org/junit/junit-bom/5.13.2/junit-bom-5.13.2.pom
2026-02-24 15:51:17,524 [Worker-7: Import Getting Started Content] INFO  o.e.m.c.i.e.AbstractTransferListenerAdapter - Downloaded http://binrepo.poupex.com.br/repository/public/org/junit/junit-bom/5.13.2/junit-bom-5.13.2.pom
2026-02-24 15:51:17,570 [Worker-7: Import Getting Started Content] INFO  o.e.m.c.i.e.AbstractTransferListenerAdapter - Downloading http://binrepo.poupex.com.br/repository/public/org/apache/logging/log4j/log4j-api/2.25.3/log4j-api-2.25.3.pom
2026-02-24 15:51:17,607 [Worker-7: Import Getting Started Content] INFO  o.e.m.c.i.e.AbstractTransferListenerAdapter - Downloaded http://binrepo.poupex.com.br/repository/public/org/apache/logging/log4j/log4j-api/2.25.3/log4j-api-2.25.3.pom
2026-02-24 15:51:17,650 [Worker-7: Import Getting Started Content] INFO  o.e.m.c.i.e.AbstractTransferListenerAdapter - Downloading http://binrepo.poupex.com.br/repository/public/org/springframework/boot/spring-boot-autoconfigure/4.0.3/spring-boot-autoconfigure-4.0.3.pom
2026-02-24 15:51:17,688 [Worker-7: Import Getting Started Content] INFO  o.e.m.c.i.e.AbstractTransferListenerAdapter - Downloaded http://binrepo.poupex.com.br/repository/public/org/springframework/boot/spring-boot-autoconfigure/4.0.3/spring-boot-autoconfigure-4.0.3.pom
2026-02-24 15:51:17,726 [Worker-7: Import Getting Started Content] INFO  o.e.m.c.i.e.AbstractTransferListenerAdapter - Downloading http://binrepo.poupex.com.br/repository/public/jakarta/annotation/jakarta.annotation-api/3.0.0/jakarta.annotation-api-3.0.0.pom
2026-02-24 15:51:17,764 [Worker-7: Import Getting Started Content] INFO  o.e.m.c.i.e.AbstractTransferListenerAdapter - Downloaded http://binrepo.poupex.com.br/repository/public/jakarta/annotation/jakarta.annotation-api/3.0.0/jakarta.annotation-api-3.0.0.pom
2026-02-24 15:51:17,801 [Worker-7: Import Getting Started Content] INFO  o.e.m.c.i.e.AbstractTransferListenerAdapter - Downloading http://binrepo.poupex.com.br/repository/public/org/yaml/snakeyaml/2.5/snakeyaml-2.5.pom
2026-02-24 15:51:17,841 [Worker-7: Import Getting Started Content] INFO  o.e.m.c.i.e.AbstractTransferListenerAdapter - Downloaded http://binrepo.poupex.com.br/repository/public/org/yaml/snakeyaml/2.5/snakeyaml-2.5.pom
2026-02-24 15:51:17,876 [Worker-7: Import Getting Started Content] INFO  o.e.m.c.i.e.AbstractTransferListenerAdapter - Downloading http://binrepo.poupex.com.br/repository/public/org/springframework/boot/spring-boot-starter-jdbc/4.0.3/spring-boot-starter-jdbc-4.0.3.pom
2026-02-24 15:51:17,918 [Worker-7: Import Getting Started Content] INFO  o.e.m.c.i.e.AbstractTransferListenerAdapter - Downloaded http://binrepo.poupex.com.br/repository/public/org/springframework/boot/spring-boot-starter-jdbc/4.0.3/spring-boot-starter-jdbc-4.0.3.pom
2026-02-24 15:51:17,956 [Worker-7: Import Getting Started Content] INFO  o.e.m.c.i.e.AbstractTransferListenerAdapter - Downloading http://binrepo.poupex.com.br/repository/public/org/springframework/boot/spring-boot-jdbc/4.0.3/spring-boot-jdbc-4.0.3.pom
2026-02-24 15:51:17,992 [Worker-7: Import Getting Started Content] INFO  o.e.m.c.i.e.AbstractTransferListenerAdapter - Downloaded http://binrepo.poupex.com.br/repository/public/org/springframework/boot/spring-boot-jdbc/4.0.3/spring-boot-jdbc-4.0.3.pom
2026-02-24 15:51:18,030 [Worker-7: Import Getting Started Content] INFO  o.e.m.c.i.e.AbstractTransferListenerAdapter - Downloading http://binrepo.poupex.com.br/repository/public/org/springframework/boot/spring-boot-sql/4.0.3/spring-boot-sql-4.0.3.pom
2026-02-24 15:51:18,065 [Worker-7: Import Getting Started Content] INFO  o.e.m.c.i.e.AbstractTransferListenerAdapter - Downloaded http://binrepo.poupex.com.br/repository/public/org/springframework/boot/spring-boot-sql/4.0.3/spring-boot-sql-4.0.3.pom
2026-02-24 15:51:18,100 [Worker-7: Import Getting Started Content] INFO  o.e.m.c.i.e.AbstractTransferListenerAdapter - Downloading http://binrepo.poupex.com.br/repository/public/org/springframework/boot/spring-boot-transaction/4.0.3/spring-boot-transaction-4.0.3.pom
2026-02-24 15:51:18,138 [Worker-7: Import Getting Started Content] INFO  o.e.m.c.i.e.AbstractTransferListenerAdapter - Downloaded http://binrepo.poupex.com.br/repository/public/org/springframework/boot/spring-boot-transaction/4.0.3/spring-boot-transaction-4.0.3.pom
2026-02-24 15:51:18,175 [Worker-7: Import Getting Started Content] INFO  o.e.m.c.i.e.AbstractTransferListenerAdapter - Downloading http://binrepo.poupex.com.br/repository/public/org/springframework/boot/spring-boot-persistence/4.0.3/spring-boot-persistence-4.0.3.pom
2026-02-24 15:51:18,211 [Worker-7: Import Getting Started Content] INFO  o.e.m.c.i.e.AbstractTransferListenerAdapter - Downloaded http://binrepo.poupex.com.br/repository/public/org/springframework/boot/spring-boot-persistence/4.0.3/spring-boot-persistence-4.0.3.pom
2026-02-24 15:51:18,248 [Worker-7: Import Getting Started Content] INFO  o.e.m.c.i.e.AbstractTransferListenerAdapter - Downloading http://binrepo.poupex.com.br/repository/public/org/springframework/spring-tx/7.0.5/spring-tx-7.0.5.pom
2026-02-24 15:51:18,285 [Worker-7: Import Getting Started Content] INFO  o.e.m.c.i.e.AbstractTransferListenerAdapter - Downloaded http://binrepo.poupex.com.br/repository/public/org/springframework/spring-tx/7.0.5/spring-tx-7.0.5.pom
2026-02-24 15:51:18,321 [Worker-7: Import Getting Started Content] INFO  o.e.m.c.i.e.AbstractTransferListenerAdapter - Downloading http://binrepo.poupex.com.br/repository/public/org/springframework/spring-jdbc/7.0.5/spring-jdbc-7.0.5.pom
2026-02-24 15:51:18,358 [Worker-7: Import Getting Started Content] INFO  o.e.m.c.i.e.AbstractTransferListenerAdapter - Downloaded http://binrepo.poupex.com.br/repository/public/org/springframework/spring-jdbc/7.0.5/spring-jdbc-7.0.5.pom
2026-02-24 15:51:18,398 [Worker-7: Import Getting Started Content] INFO  o.e.m.c.i.e.AbstractTransferListenerAdapter - Downloading http://binrepo.poupex.com.br/repository/public/com/zaxxer/HikariCP/7.0.2/HikariCP-7.0.2.pom
2026-02-24 15:51:18,433 [Worker-7: Import Getting Started Content] INFO  o.e.m.c.i.e.AbstractTransferListenerAdapter - Downloaded http://binrepo.poupex.com.br/repository/public/com/zaxxer/HikariCP/7.0.2/HikariCP-7.0.2.pom
2026-02-24 15:51:18,474 [Worker-7: Import Getting Started Content] INFO  o.e.m.c.i.e.AbstractTransferListenerAdapter - Downloading http://binrepo.poupex.com.br/repository/public/org/springframework/boot/spring-boot-data-jpa/4.0.3/spring-boot-data-jpa-4.0.3.pom
2026-02-24 15:51:18,511 [Worker-7: Import Getting Started Content] INFO  o.e.m.c.i.e.AbstractTransferListenerAdapter - Downloaded http://binrepo.poupex.com.br/repository/public/org/springframework/boot/spring-boot-data-jpa/4.0.3/spring-boot-data-jpa-4.0.3.pom
2026-02-24 15:51:18,549 [Worker-7: Import Getting Started Content] INFO  o.e.m.c.i.e.AbstractTransferListenerAdapter - Downloading http://binrepo.poupex.com.br/repository/public/org/springframework/boot/spring-boot-data-commons/4.0.3/spring-boot-data-commons-4.0.3.pom
2026-02-24 15:51:18,586 [Worker-7: Import Getting Started Content] INFO  o.e.m.c.i.e.AbstractTransferListenerAdapter - Downloaded http://binrepo.poupex.com.br/repository/public/org/springframework/boot/spring-boot-data-commons/4.0.3/spring-boot-data-commons-4.0.3.pom
2026-02-24 15:51:18,623 [Worker-7: Import Getting Started Content] INFO  o.e.m.c.i.e.AbstractTransferListenerAdapter - Downloading http://binrepo.poupex.com.br/repository/public/org/springframework/data/spring-data-commons/4.0.3/spring-data-commons-4.0.3.pom
2026-02-24 15:51:18,893 [Worker-7: Import Getting Started Content] INFO  o.e.m.c.i.e.AbstractTransferListenerAdapter - Downloaded http://binrepo.poupex.com.br/repository/public/org/springframework/data/spring-data-commons/4.0.3/spring-data-commons-4.0.3.pom
2026-02-24 15:51:18,931 [Worker-7: Import Getting Started Content] INFO  o.e.m.c.i.e.AbstractTransferListenerAdapter - Downloading http://binrepo.poupex.com.br/repository/public/org/springframework/data/build/spring-data-parent/4.0.3/spring-data-parent-4.0.3.pom
2026-02-24 15:51:18,966 [Worker-7: Import Getting Started Content] INFO  o.e.m.c.i.e.AbstractTransferListenerAdapter - Downloaded http://binrepo.poupex.com.br/repository/public/org/springframework/data/build/spring-data-parent/4.0.3/spring-data-parent-4.0.3.pom
2026-02-24 15:51:19,005 [Worker-7: Import Getting Started Content] INFO  o.e.m.c.i.e.AbstractTransferListenerAdapter - Downloading http://binrepo.poupex.com.br/repository/public/org/springframework/data/build/spring-data-build/4.0.3/spring-data-build-4.0.3.pom
2026-02-24 15:51:19,038 [Worker-7: Import Getting Started Content] INFO  o.e.m.c.i.e.AbstractTransferListenerAdapter - Downloaded http://binrepo.poupex.com.br/repository/public/org/springframework/data/build/spring-data-build/4.0.3/spring-data-build-4.0.3.pom
2026-02-24 15:51:19,080 [Worker-7: Import Getting Started Content] INFO  o.e.m.c.i.e.AbstractTransferListenerAdapter - Downloading http://binrepo.poupex.com.br/repository/public/org/springframework/spring-framework-bom/7.0.3/spring-framework-bom-7.0.3.pom
2026-02-24 15:51:19,115 [Worker-7: Import Getting Started Content] INFO  o.e.m.c.i.e.AbstractTransferListenerAdapter - Downloaded http://binrepo.poupex.com.br/repository/public/org/springframework/spring-framework-bom/7.0.3/spring-framework-bom-7.0.3.pom
2026-02-24 15:51:19,160 [Worker-7: Import Getting Started Content] INFO  o.e.m.c.i.e.AbstractTransferListenerAdapter - Downloading http://binrepo.poupex.com.br/repository/public/org/jmolecules/jmolecules-bom/2025.0.0/jmolecules-bom-2025.0.0.pom
2026-02-24 15:51:19,195 [Worker-7: Import Getting Started Content] INFO  o.e.m.c.i.e.AbstractTransferListenerAdapter - Downloaded http://binrepo.poupex.com.br/repository/public/org/jmolecules/jmolecules-bom/2025.0.0/jmolecules-bom-2025.0.0.pom
2026-02-24 15:51:19,237 [Worker-7: Import Getting Started Content] INFO  o.e.m.c.i.e.AbstractTransferListenerAdapter - Downloading http://binrepo.poupex.com.br/repository/public/org/junit/junit-bom/6.0.0/junit-bom-6.0.0.pom
2026-02-24 15:51:19,273 [Worker-7: Import Getting Started Content] INFO  o.e.m.c.i.e.AbstractTransferListenerAdapter - Downloaded http://binrepo.poupex.com.br/repository/public/org/junit/junit-bom/6.0.0/junit-bom-6.0.0.pom
2026-02-24 15:51:19,311 [Worker-7: Import Getting Started Content] INFO  o.e.m.c.i.e.AbstractTransferListenerAdapter - Downloading http://binrepo.poupex.com.br/repository/public/org/springframework/boot/spring-boot-hibernate/4.0.3/spring-boot-hibernate-4.0.3.pom
2026-02-24 15:51:19,348 [Worker-7: Import Getting Started Content] INFO  o.e.m.c.i.e.AbstractTransferListenerAdapter - Downloaded http://binrepo.poupex.com.br/repository/public/org/springframework/boot/spring-boot-hibernate/4.0.3/spring-boot-hibernate-4.0.3.pom
2026-02-24 15:51:19,404 [Worker-7: Import Getting Started Content] INFO  o.e.m.c.i.e.AbstractTransferListenerAdapter - Downloading http://binrepo.poupex.com.br/repository/public/org/springframework/boot/spring-boot-jpa/4.0.3/spring-boot-jpa-4.0.3.pom
2026-02-24 15:51:19,437 [Worker-7: Import Getting Started Content] INFO  o.e.m.c.i.e.AbstractTransferListenerAdapter - Downloaded http://binrepo.poupex.com.br/repository/public/org/springframework/boot/spring-boot-jpa/4.0.3/spring-boot-jpa-4.0.3.pom
2026-02-24 15:51:19,481 [Worker-7: Import Getting Started Content] INFO  o.e.m.c.i.e.AbstractTransferListenerAdapter - Downloading http://binrepo.poupex.com.br/repository/public/jakarta/persistence/jakarta.persistence-api/3.2.0/jakarta.persistence-api-3.2.0.pom
2026-02-24 15:51:19,518 [Worker-7: Import Getting Started Content] INFO  o.e.m.c.i.e.AbstractTransferListenerAdapter - Downloaded http://binrepo.poupex.com.br/repository/public/jakarta/persistence/jakarta.persistence-api/3.2.0/jakarta.persistence-api-3.2.0.pom
2026-02-24 15:51:19,556 [Worker-7: Import Getting Started Content] INFO  o.e.m.c.i.e.AbstractTransferListenerAdapter - Downloading http://binrepo.poupex.com.br/repository/public/org/springframework/spring-orm/7.0.5/spring-orm-7.0.5.pom
2026-02-24 15:51:19,591 [Worker-7: Import Getting Started Content] INFO  o.e.m.c.i.e.AbstractTransferListenerAdapter - Downloaded http://binrepo.poupex.com.br/repository/public/org/springframework/spring-orm/7.0.5/spring-orm-7.0.5.pom
2026-02-24 15:51:19,654 [Worker-7: Import Getting Started Content] INFO  o.e.m.c.i.e.AbstractTransferListenerAdapter - Downloading http://binrepo.poupex.com.br/repository/public/org/hibernate/orm/hibernate-core/7.2.4.Final/hibernate-core-7.2.4.Final.pom
2026-02-24 15:51:19,693 [Worker-7: Import Getting Started Content] INFO  o.e.m.c.i.e.AbstractTransferListenerAdapter - Downloaded http://binrepo.poupex.com.br/repository/public/org/hibernate/orm/hibernate-core/7.2.4.Final/hibernate-core-7.2.4.Final.pom
2026-02-24 15:51:19,761 [Worker-7: Import Getting Started Content] INFO  o.e.m.c.i.e.AbstractTransferListenerAdapter - Downloading http://binrepo.poupex.com.br/repository/public/org/jboss/logging/jboss-logging/3.6.2.Final/jboss-logging-3.6.2.Final.pom
2026-02-24 15:51:19,799 [Worker-7: Import Getting Started Content] INFO  o.e.m.c.i.e.AbstractTransferListenerAdapter - Downloaded http://binrepo.poupex.com.br/repository/public/org/jboss/logging/jboss-logging/3.6.2.Final/jboss-logging-3.6.2.Final.pom
2026-02-24 15:51:19,843 [Worker-7: Import Getting Started Content] INFO  o.e.m.c.i.e.AbstractTransferListenerAdapter - Downloading http://binrepo.poupex.com.br/repository/public/org/jboss/jboss-parent/51/jboss-parent-51.pom
2026-02-24 15:51:19,880 [Worker-7: Import Getting Started Content] INFO  o.e.m.c.i.e.AbstractTransferListenerAdapter - Downloaded http://binrepo.poupex.com.br/repository/public/org/jboss/jboss-parent/51/jboss-parent-51.pom
2026-02-24 15:51:19,926 [Worker-7: Import Getting Started Content] INFO  o.e.m.c.i.e.AbstractTransferListenerAdapter - Downloading http://binrepo.poupex.com.br/repository/public/org/junit/junit-bom/5.13.4/junit-bom-5.13.4.pom
2026-02-24 15:51:19,961 [Worker-7: Import Getting Started Content] INFO  o.e.m.c.i.e.AbstractTransferListenerAdapter - Downloaded http://binrepo.poupex.com.br/repository/public/org/junit/junit-bom/5.13.4/junit-bom-5.13.4.pom
2026-02-24 15:51:20,001 [Worker-7: Import Getting Started Content] INFO  o.e.m.c.i.e.AbstractTransferListenerAdapter - Downloading http://binrepo.poupex.com.br/repository/public/org/hibernate/models/hibernate-models/1.0.1/hibernate-models-1.0.1.pom
2026-02-24 15:51:20,039 [Worker-7: Import Getting Started Content] INFO  o.e.m.c.i.e.AbstractTransferListenerAdapter - Downloaded http://binrepo.poupex.com.br/repository/public/org/hibernate/models/hibernate-models/1.0.1/hibernate-models-1.0.1.pom
2026-02-24 15:51:20,077 [Worker-7: Import Getting Started Content] INFO  o.e.m.c.i.e.AbstractTransferListenerAdapter - Downloading http://binrepo.poupex.com.br/repository/public/com/fasterxml/classmate/1.7.3/classmate-1.7.3.pom
2026-02-24 15:51:20,112 [Worker-7: Import Getting Started Content] INFO  o.e.m.c.i.e.AbstractTransferListenerAdapter - Downloaded http://binrepo.poupex.com.br/repository/public/com/fasterxml/classmate/1.7.3/classmate-1.7.3.pom
2026-02-24 15:51:20,149 [Worker-7: Import Getting Started Content] INFO  o.e.m.c.i.e.AbstractTransferListenerAdapter - Downloading http://binrepo.poupex.com.br/repository/public/com/fasterxml/oss-parent/74/oss-parent-74.pom
2026-02-24 15:51:20,188 [Worker-7: Import Getting Started Content] INFO  o.e.m.c.i.e.AbstractTransferListenerAdapter - Downloaded http://binrepo.poupex.com.br/repository/public/com/fasterxml/oss-parent/74/oss-parent-74.pom
2026-02-24 15:51:20,282 [Worker-7: Import Getting Started Content] INFO  o.e.m.c.i.e.AbstractTransferListenerAdapter - Downloading http://binrepo.poupex.com.br/repository/public/org/antlr/antlr4-runtime/4.13.2/antlr4-runtime-4.13.2.pom
2026-02-24 15:51:20,321 [Worker-7: Import Getting Started Content] INFO  o.e.m.c.i.e.AbstractTransferListenerAdapter - Downloaded http://binrepo.poupex.com.br/repository/public/org/antlr/antlr4-runtime/4.13.2/antlr4-runtime-4.13.2.pom
2026-02-24 15:51:20,359 [Worker-7: Import Getting Started Content] INFO  o.e.m.c.i.e.AbstractTransferListenerAdapter - Downloading http://binrepo.poupex.com.br/repository/public/org/antlr/antlr4-master/4.13.2/antlr4-master-4.13.2.pom
2026-02-24 15:51:20,394 [Worker-7: Import Getting Started Content] INFO  o.e.m.c.i.e.AbstractTransferListenerAdapter - Downloaded http://binrepo.poupex.com.br/repository/public/org/antlr/antlr4-master/4.13.2/antlr4-master-4.13.2.pom
2026-02-24 15:51:20,432 [Worker-7: Import Getting Started Content] INFO  o.e.m.c.i.e.AbstractTransferListenerAdapter - Downloading http://binrepo.poupex.com.br/repository/public/org/springframework/data/spring-data-jpa/4.0.3/spring-data-jpa-4.0.3.pom
2026-02-24 15:51:20,469 [Worker-7: Import Getting Started Content] INFO  o.e.m.c.i.e.AbstractTransferListenerAdapter - Downloaded http://binrepo.poupex.com.br/repository/public/org/springframework/data/spring-data-jpa/4.0.3/spring-data-jpa-4.0.3.pom
2026-02-24 15:51:20,507 [Worker-7: Import Getting Started Content] INFO  o.e.m.c.i.e.AbstractTransferListenerAdapter - Downloading http://binrepo.poupex.com.br/repository/public/org/springframework/data/spring-data-jpa-parent/4.0.3/spring-data-jpa-parent-4.0.3.pom
2026-02-24 15:51:20,540 [Worker-7: Import Getting Started Content] INFO  o.e.m.c.i.e.AbstractTransferListenerAdapter - Downloaded http://binrepo.poupex.com.br/repository/public/org/springframework/data/spring-data-jpa-parent/4.0.3/spring-data-jpa-parent-4.0.3.pom
2026-02-24 15:51:20,578 [Worker-7: Import Getting Started Content] INFO  o.e.m.c.i.e.AbstractTransferListenerAdapter - Downloading http://binrepo.poupex.com.br/repository/public/org/springframework/spring-aspects/7.0.5/spring-aspects-7.0.5.pom
2026-02-24 15:51:20,612 [Worker-7: Import Getting Started Content] INFO  o.e.m.c.i.e.AbstractTransferListenerAdapter - Downloaded http://binrepo.poupex.com.br/repository/public/org/springframework/spring-aspects/7.0.5/spring-aspects-7.0.5.pom
2026-02-24 15:51:20,649 [Worker-7: Import Getting Started Content] INFO  o.e.m.c.i.e.AbstractTransferListenerAdapter - Downloading http://binrepo.poupex.com.br/repository/public/org/aspectj/aspectjweaver/1.9.25.1/aspectjweaver-1.9.25.1.pom
2026-02-24 15:51:20,699 [Worker-7: Import Getting Started Content] INFO  o.e.m.c.i.e.AbstractTransferListenerAdapter - Downloaded http://binrepo.poupex.com.br/repository/public/org/aspectj/aspectjweaver/1.9.25.1/aspectjweaver-1.9.25.1.pom
2026-02-24 15:51:20,740 [Worker-7: Import Getting Started Content] INFO  o.e.m.c.i.e.AbstractTransferListenerAdapter - Downloading http://binrepo.poupex.com.br/repository/public/org/springframework/boot/spring-boot-starter-webmvc/4.0.3/spring-boot-starter-webmvc-4.0.3.pom
2026-02-24 15:51:20,774 [Worker-7: Import Getting Started Content] INFO  o.e.m.c.i.e.AbstractTransferListenerAdapter - Downloaded http://binrepo.poupex.com.br/repository/public/org/springframework/boot/spring-boot-starter-webmvc/4.0.3/spring-boot-starter-webmvc-4.0.3.pom
2026-02-24 15:51:20,813 [Worker-7: Import Getting Started Content] INFO  o.e.m.c.i.e.AbstractTransferListenerAdapter - Downloading http://binrepo.poupex.com.br/repository/public/org/springframework/boot/spring-boot-starter-jackson/4.0.3/spring-boot-starter-jackson-4.0.3.pom
2026-02-24 15:51:20,847 [Worker-7: Import Getting Started Content] INFO  o.e.m.c.i.e.AbstractTransferListenerAdapter - Downloaded http://binrepo.poupex.com.br/repository/public/org/springframework/boot/spring-boot-starter-jackson/4.0.3/spring-boot-starter-jackson-4.0.3.pom
2026-02-24 15:51:20,887 [Worker-7: Import Getting Started Content] INFO  o.e.m.c.i.e.AbstractTransferListenerAdapter - Downloading http://binrepo.poupex.com.br/repository/public/org/springframework/boot/spring-boot-jackson/4.0.3/spring-boot-jackson-4.0.3.pom
2026-02-24 15:51:20,923 [Worker-7: Import Getting Started Content] INFO  o.e.m.c.i.e.AbstractTransferListenerAdapter - Downloaded http://binrepo.poupex.com.br/repository/public/org/springframework/boot/spring-boot-jackson/4.0.3/spring-boot-jackson-4.0.3.pom
2026-02-24 15:51:20,962 [Worker-7: Import Getting Started Content] INFO  o.e.m.c.i.e.AbstractTransferListenerAdapter - Downloading http://binrepo.poupex.com.br/repository/public/tools/jackson/core/jackson-databind/3.0.4/jackson-databind-3.0.4.pom
2026-02-24 15:51:21,001 [Worker-7: Import Getting Started Content] INFO  o.e.m.c.i.e.AbstractTransferListenerAdapter - Downloaded http://binrepo.poupex.com.br/repository/public/tools/jackson/core/jackson-databind/3.0.4/jackson-databind-3.0.4.pom
2026-02-24 15:51:21,041 [Worker-7: Import Getting Started Content] INFO  o.e.m.c.i.e.AbstractTransferListenerAdapter - Downloading http://binrepo.poupex.com.br/repository/public/tools/jackson/jackson-base/3.0.4/jackson-base-3.0.4.pom
2026-02-24 15:51:21,077 [Worker-7: Import Getting Started Content] INFO  o.e.m.c.i.e.AbstractTransferListenerAdapter - Downloaded http://binrepo.poupex.com.br/repository/public/tools/jackson/jackson-base/3.0.4/jackson-base-3.0.4.pom
2026-02-24 15:51:21,125 [Worker-7: Import Getting Started Content] INFO  o.e.m.c.i.e.AbstractTransferListenerAdapter - Downloading http://binrepo.poupex.com.br/repository/public/com/fasterxml/jackson/core/jackson-annotations/2.20/jackson-annotations-2.20.pom
2026-02-24 15:51:21,164 [Worker-7: Import Getting Started Content] INFO  o.e.m.c.i.e.AbstractTransferListenerAdapter - Downloaded http://binrepo.poupex.com.br/repository/public/com/fasterxml/jackson/core/jackson-annotations/2.20/jackson-annotations-2.20.pom
2026-02-24 15:51:21,204 [Worker-7: Import Getting Started Content] INFO  o.e.m.c.i.e.AbstractTransferListenerAdapter - Downloading http://binrepo.poupex.com.br/repository/public/tools/jackson/core/jackson-core/3.0.4/jackson-core-3.0.4.pom
2026-02-24 15:51:21,242 [Worker-7: Import Getting Started Content] INFO  o.e.m.c.i.e.AbstractTransferListenerAdapter - Downloaded http://binrepo.poupex.com.br/repository/public/tools/jackson/core/jackson-core/3.0.4/jackson-core-3.0.4.pom
2026-02-24 15:51:21,278 [Worker-7: Import Getting Started Content] INFO  o.e.m.c.i.e.AbstractTransferListenerAdapter - Downloading http://binrepo.poupex.com.br/repository/public/org/springframework/boot/spring-boot-starter-tomcat/4.0.3/spring-boot-starter-tomcat-4.0.3.pom
2026-02-24 15:51:21,320 [Worker-7: Import Getting Started Content] INFO  o.e.m.c.i.e.AbstractTransferListenerAdapter - Downloaded http://binrepo.poupex.com.br/repository/public/org/springframework/boot/spring-boot-starter-tomcat/4.0.3/spring-boot-starter-tomcat-4.0.3.pom
2026-02-24 15:51:21,360 [Worker-7: Import Getting Started Content] INFO  o.e.m.c.i.e.AbstractTransferListenerAdapter - Downloading http://binrepo.poupex.com.br/repository/public/org/springframework/boot/spring-boot-starter-tomcat-runtime/4.0.3/spring-boot-starter-tomcat-runtime-4.0.3.pom
2026-02-24 15:51:21,395 [Worker-7: Import Getting Started Content] INFO  o.e.m.c.i.e.AbstractTransferListenerAdapter - Downloaded http://binrepo.poupex.com.br/repository/public/org/springframework/boot/spring-boot-starter-tomcat-runtime/4.0.3/spring-boot-starter-tomcat-runtime-4.0.3.pom
2026-02-24 15:51:21,436 [Worker-7: Import Getting Started Content] INFO  o.e.m.c.i.e.AbstractTransferListenerAdapter - Downloading http://binrepo.poupex.com.br/repository/public/org/springframework/boot/spring-boot-tomcat/4.0.3/spring-boot-tomcat-4.0.3.pom
2026-02-24 15:51:21,471 [Worker-7: Import Getting Started Content] INFO  o.e.m.c.i.e.AbstractTransferListenerAdapter - Downloaded http://binrepo.poupex.com.br/repository/public/org/springframework/boot/spring-boot-tomcat/4.0.3/spring-boot-tomcat-4.0.3.pom
2026-02-24 15:51:21,508 [Worker-7: Import Getting Started Content] INFO  o.e.m.c.i.e.AbstractTransferListenerAdapter - Downloading http://binrepo.poupex.com.br/repository/public/org/springframework/boot/spring-boot-web-server/4.0.3/spring-boot-web-server-4.0.3.pom
2026-02-24 15:51:21,544 [Worker-7: Import Getting Started Content] INFO  o.e.m.c.i.e.AbstractTransferListenerAdapter - Downloaded http://binrepo.poupex.com.br/repository/public/org/springframework/boot/spring-boot-web-server/4.0.3/spring-boot-web-server-4.0.3.pom
2026-02-24 15:51:21,579 [Worker-7: Import Getting Started Content] INFO  o.e.m.c.i.e.AbstractTransferListenerAdapter - Downloading http://binrepo.poupex.com.br/repository/public/org/apache/tomcat/embed/tomcat-embed-core/11.0.18/tomcat-embed-core-11.0.18.pom
2026-02-24 15:51:21,616 [Worker-7: Import Getting Started Content] INFO  o.e.m.c.i.e.AbstractTransferListenerAdapter - Downloaded http://binrepo.poupex.com.br/repository/public/org/apache/tomcat/embed/tomcat-embed-core/11.0.18/tomcat-embed-core-11.0.18.pom
2026-02-24 15:51:21,653 [Worker-7: Import Getting Started Content] INFO  o.e.m.c.i.e.AbstractTransferListenerAdapter - Downloading http://binrepo.poupex.com.br/repository/public/org/apache/tomcat/embed/tomcat-embed-el/11.0.18/tomcat-embed-el-11.0.18.pom
2026-02-24 15:51:21,687 [Worker-7: Import Getting Started Content] INFO  o.e.m.c.i.e.AbstractTransferListenerAdapter - Downloaded http://binrepo.poupex.com.br/repository/public/org/apache/tomcat/embed/tomcat-embed-el/11.0.18/tomcat-embed-el-11.0.18.pom
2026-02-24 15:51:21,722 [Worker-7: Import Getting Started Content] INFO  o.e.m.c.i.e.AbstractTransferListenerAdapter - Downloading http://binrepo.poupex.com.br/repository/public/org/apache/tomcat/embed/tomcat-embed-websocket/11.0.18/tomcat-embed-websocket-11.0.18.pom
2026-02-24 15:51:21,756 [Worker-7: Import Getting Started Content] INFO  o.e.m.c.i.e.AbstractTransferListenerAdapter - Downloaded http://binrepo.poupex.com.br/repository/public/org/apache/tomcat/embed/tomcat-embed-websocket/11.0.18/tomcat-embed-websocket-11.0.18.pom
2026-02-24 15:51:21,794 [Worker-7: Import Getting Started Content] INFO  o.e.m.c.i.e.AbstractTransferListenerAdapter - Downloading http://binrepo.poupex.com.br/repository/public/org/springframework/spring-web/7.0.5/spring-web-7.0.5.pom
2026-02-24 15:51:21,829 [Worker-7: Import Getting Started Content] INFO  o.e.m.c.i.e.AbstractTransferListenerAdapter - Downloaded http://binrepo.poupex.com.br/repository/public/org/springframework/spring-web/7.0.5/spring-web-7.0.5.pom
2026-02-24 15:51:21,870 [Worker-7: Import Getting Started Content] INFO  o.e.m.c.i.e.AbstractTransferListenerAdapter - Downloading http://binrepo.poupex.com.br/repository/public/org/springframework/boot/spring-boot-http-converter/4.0.3/spring-boot-http-converter-4.0.3.pom
2026-02-24 15:51:21,907 [Worker-7: Import Getting Started Content] INFO  o.e.m.c.i.e.AbstractTransferListenerAdapter - Downloaded http://binrepo.poupex.com.br/repository/public/org/springframework/boot/spring-boot-http-converter/4.0.3/spring-boot-http-converter-4.0.3.pom
2026-02-24 15:51:21,944 [Worker-7: Import Getting Started Content] INFO  o.e.m.c.i.e.AbstractTransferListenerAdapter - Downloading http://binrepo.poupex.com.br/repository/public/org/springframework/boot/spring-boot-webmvc/4.0.3/spring-boot-webmvc-4.0.3.pom
2026-02-24 15:51:21,981 [Worker-7: Import Getting Started Content] INFO  o.e.m.c.i.e.AbstractTransferListenerAdapter - Downloaded http://binrepo.poupex.com.br/repository/public/org/springframework/boot/spring-boot-webmvc/4.0.3/spring-boot-webmvc-4.0.3.pom
2026-02-24 15:51:22,018 [Worker-7: Import Getting Started Content] INFO  o.e.m.c.i.e.AbstractTransferListenerAdapter - Downloading http://binrepo.poupex.com.br/repository/public/org/springframework/boot/spring-boot-servlet/4.0.3/spring-boot-servlet-4.0.3.pom
2026-02-24 15:51:22,061 [Worker-7: Import Getting Started Content] INFO  o.e.m.c.i.e.AbstractTransferListenerAdapter - Downloaded http://binrepo.poupex.com.br/repository/public/org/springframework/boot/spring-boot-servlet/4.0.3/spring-boot-servlet-4.0.3.pom
2026-02-24 15:51:22,099 [Worker-7: Import Getting Started Content] INFO  o.e.m.c.i.e.AbstractTransferListenerAdapter - Downloading http://binrepo.poupex.com.br/repository/public/org/springframework/spring-webmvc/7.0.5/spring-webmvc-7.0.5.pom
2026-02-24 15:51:22,136 [Worker-7: Import Getting Started Content] INFO  o.e.m.c.i.e.AbstractTransferListenerAdapter - Downloaded http://binrepo.poupex.com.br/repository/public/org/springframework/spring-webmvc/7.0.5/spring-webmvc-7.0.5.pom
2026-02-24 15:51:22,173 [Worker-7: Import Getting Started Content] INFO  o.e.m.c.i.e.AbstractTransferListenerAdapter - Downloading http://binrepo.poupex.com.br/repository/public/org/springframework/boot/spring-boot-devtools/4.0.3/spring-boot-devtools-4.0.3.pom
2026-02-24 15:51:22,208 [Worker-7: Import Getting Started Content] INFO  o.e.m.c.i.e.AbstractTransferListenerAdapter - Downloaded http://binrepo.poupex.com.br/repository/public/org/springframework/boot/spring-boot-devtools/4.0.3/spring-boot-devtools-4.0.3.pom
2026-02-24 15:51:22,247 [Worker-7: Import Getting Started Content] INFO  o.e.m.c.i.e.AbstractTransferListenerAdapter - Downloading http://binrepo.poupex.com.br/repository/public/org/projectlombok/lombok/1.18.42/lombok-1.18.42.pom
2026-02-24 15:51:22,283 [Worker-7: Import Getting Started Content] INFO  o.e.m.c.i.e.AbstractTransferListenerAdapter - Downloaded http://binrepo.poupex.com.br/repository/public/org/projectlombok/lombok/1.18.42/lombok-1.18.42.pom
2026-02-24 15:51:22,374 [Worker-7: Import Getting Started Content] INFO  o.e.m.c.i.e.AbstractTransferListenerAdapter - Downloading http://binrepo.poupex.com.br/repository/public/org/springframework/boot/spring-boot-starter-data-jpa-test/4.0.3/spring-boot-starter-data-jpa-test-4.0.3.pom
2026-02-24 15:51:22,451 [Worker-7: Import Getting Started Content] INFO  o.e.m.c.i.e.AbstractTransferListenerAdapter - Downloaded http://binrepo.poupex.com.br/repository/public/org/springframework/boot/spring-boot-starter-data-jpa-test/4.0.3/spring-boot-starter-data-jpa-test-4.0.3.pom
2026-02-24 15:51:22,491 [Worker-7: Import Getting Started Content] INFO  o.e.m.c.i.e.AbstractTransferListenerAdapter - Downloading http://binrepo.poupex.com.br/repository/public/org/springframework/boot/spring-boot-starter-test/4.0.3/spring-boot-starter-test-4.0.3.pom
2026-02-24 15:51:22,526 [Worker-7: Import Getting Started Content] INFO  o.e.m.c.i.e.AbstractTransferListenerAdapter - Downloaded http://binrepo.poupex.com.br/repository/public/org/springframework/boot/spring-boot-starter-test/4.0.3/spring-boot-starter-test-4.0.3.pom
2026-02-24 15:51:22,564 [Worker-7: Import Getting Started Content] INFO  o.e.m.c.i.e.AbstractTransferListenerAdapter - Downloading http://binrepo.poupex.com.br/repository/public/org/springframework/boot/spring-boot-test/4.0.3/spring-boot-test-4.0.3.pom
2026-02-24 15:51:22,599 [Worker-7: Import Getting Started Content] INFO  o.e.m.c.i.e.AbstractTransferListenerAdapter - Downloaded http://binrepo.poupex.com.br/repository/public/org/springframework/boot/spring-boot-test/4.0.3/spring-boot-test-4.0.3.pom
2026-02-24 15:51:22,636 [Worker-7: Import Getting Started Content] INFO  o.e.m.c.i.e.AbstractTransferListenerAdapter - Downloading http://binrepo.poupex.com.br/repository/public/org/springframework/spring-test/7.0.5/spring-test-7.0.5.pom
2026-02-24 15:51:22,671 [Worker-7: Import Getting Started Content] INFO  o.e.m.c.i.e.AbstractTransferListenerAdapter - Downloaded http://binrepo.poupex.com.br/repository/public/org/springframework/spring-test/7.0.5/spring-test-7.0.5.pom
2026-02-24 15:51:22,709 [Worker-7: Import Getting Started Content] INFO  o.e.m.c.i.e.AbstractTransferListenerAdapter - Downloading http://binrepo.poupex.com.br/repository/public/org/springframework/boot/spring-boot-test-autoconfigure/4.0.3/spring-boot-test-autoconfigure-4.0.3.pom
2026-02-24 15:51:22,743 [Worker-7: Import Getting Started Content] INFO  o.e.m.c.i.e.AbstractTransferListenerAdapter - Downloaded http://binrepo.poupex.com.br/repository/public/org/springframework/boot/spring-boot-test-autoconfigure/4.0.3/spring-boot-test-autoconfigure-4.0.3.pom
2026-02-24 15:51:22,780 [Worker-7: Import Getting Started Content] INFO  o.e.m.c.i.e.AbstractTransferListenerAdapter - Downloading http://binrepo.poupex.com.br/repository/public/com/jayway/jsonpath/json-path/2.10.0/json-path-2.10.0.pom
2026-02-24 15:51:22,815 [Worker-7: Import Getting Started Content] INFO  o.e.m.c.i.e.AbstractTransferListenerAdapter - Downloaded http://binrepo.poupex.com.br/repository/public/com/jayway/jsonpath/json-path/2.10.0/json-path-2.10.0.pom
2026-02-24 15:51:22,856 [Worker-7: Import Getting Started Content] INFO  o.e.m.c.i.e.AbstractTransferListenerAdapter - Downloading http://binrepo.poupex.com.br/repository/public/net/minidev/json-smart/2.6.0/json-smart-2.6.0.pom
2026-02-24 15:51:22,908 [Worker-7: Import Getting Started Content] INFO  o.e.m.c.i.e.AbstractTransferListenerAdapter - Downloaded http://binrepo.poupex.com.br/repository/public/net/minidev/json-smart/2.6.0/json-smart-2.6.0.pom
2026-02-24 15:51:22,950 [Worker-7: Import Getting Started Content] INFO  o.e.m.c.i.e.AbstractTransferListenerAdapter - Downloading http://binrepo.poupex.com.br/repository/public/net/minidev/accessors-smart/2.6.0/accessors-smart-2.6.0.pom
2026-02-24 15:51:22,991 [Worker-7: Import Getting Started Content] INFO  o.e.m.c.i.e.AbstractTransferListenerAdapter - Downloaded http://binrepo.poupex.com.br/repository/public/net/minidev/accessors-smart/2.6.0/accessors-smart-2.6.0.pom
2026-02-24 15:51:23,034 [Worker-7: Import Getting Started Content] INFO  o.e.m.c.i.e.AbstractTransferListenerAdapter - Downloading http://binrepo.poupex.com.br/repository/public/org/awaitility/awaitility/4.3.0/awaitility-4.3.0.pom
2026-02-24 15:51:23,070 [Worker-7: Import Getting Started Content] INFO  o.e.m.c.i.e.AbstractTransferListenerAdapter - Downloaded http://binrepo.poupex.com.br/repository/public/org/awaitility/awaitility/4.3.0/awaitility-4.3.0.pom
2026-02-24 15:51:23,114 [Worker-7: Import Getting Started Content] INFO  o.e.m.c.i.e.AbstractTransferListenerAdapter - Downloading http://binrepo.poupex.com.br/repository/public/org/awaitility/awaitility-parent/4.3.0/awaitility-parent-4.3.0.pom
2026-02-24 15:51:23,150 [Worker-7: Import Getting Started Content] INFO  o.e.m.c.i.e.AbstractTransferListenerAdapter - Downloaded http://binrepo.poupex.com.br/repository/public/org/awaitility/awaitility-parent/4.3.0/awaitility-parent-4.3.0.pom
2026-02-24 15:51:23,192 [Worker-7: Import Getting Started Content] INFO  o.e.m.c.i.e.AbstractTransferListenerAdapter - Downloading http://binrepo.poupex.com.br/repository/public/org/junit/jupiter/junit-jupiter/6.0.3/junit-jupiter-6.0.3.pom
2026-02-24 15:51:23,229 [Worker-7: Import Getting Started Content] INFO  o.e.m.c.i.e.AbstractTransferListenerAdapter - Downloaded http://binrepo.poupex.com.br/repository/public/org/junit/jupiter/junit-jupiter/6.0.3/junit-jupiter-6.0.3.pom
2026-02-24 15:51:23,271 [Worker-7: Import Getting Started Content] INFO  o.e.m.c.i.e.AbstractTransferListenerAdapter - Downloading http://binrepo.poupex.com.br/repository/public/org/junit/jupiter/junit-jupiter-api/6.0.3/junit-jupiter-api-6.0.3.pom
2026-02-24 15:51:23,313 [Worker-7: Import Getting Started Content] INFO  o.e.m.c.i.e.AbstractTransferListenerAdapter - Downloaded http://binrepo.poupex.com.br/repository/public/org/junit/jupiter/junit-jupiter-api/6.0.3/junit-jupiter-api-6.0.3.pom
2026-02-24 15:51:23,355 [Worker-7: Import Getting Started Content] INFO  o.e.m.c.i.e.AbstractTransferListenerAdapter - Downloading http://binrepo.poupex.com.br/repository/public/org/junit/platform/junit-platform-commons/6.0.3/junit-platform-commons-6.0.3.pom
2026-02-24 15:51:23,392 [Worker-7: Import Getting Started Content] INFO  o.e.m.c.i.e.AbstractTransferListenerAdapter - Downloaded http://binrepo.poupex.com.br/repository/public/org/junit/platform/junit-platform-commons/6.0.3/junit-platform-commons-6.0.3.pom
2026-02-24 15:51:23,433 [Worker-7: Import Getting Started Content] INFO  o.e.m.c.i.e.AbstractTransferListenerAdapter - Downloading http://binrepo.poupex.com.br/repository/public/org/junit/jupiter/junit-jupiter-params/6.0.3/junit-jupiter-params-6.0.3.pom
2026-02-24 15:51:23,469 [Worker-7: Import Getting Started Content] INFO  o.e.m.c.i.e.AbstractTransferListenerAdapter - Downloaded http://binrepo.poupex.com.br/repository/public/org/junit/jupiter/junit-jupiter-params/6.0.3/junit-jupiter-params-6.0.3.pom
2026-02-24 15:51:23,506 [Worker-7: Import Getting Started Content] INFO  o.e.m.c.i.e.AbstractTransferListenerAdapter - Downloading http://binrepo.poupex.com.br/repository/public/org/junit/jupiter/junit-jupiter-engine/6.0.3/junit-jupiter-engine-6.0.3.pom
2026-02-24 15:51:23,542 [Worker-7: Import Getting Started Content] INFO  o.e.m.c.i.e.AbstractTransferListenerAdapter - Downloaded http://binrepo.poupex.com.br/repository/public/org/junit/jupiter/junit-jupiter-engine/6.0.3/junit-jupiter-engine-6.0.3.pom
2026-02-24 15:51:23,579 [Worker-7: Import Getting Started Content] INFO  o.e.m.c.i.e.AbstractTransferListenerAdapter - Downloading http://binrepo.poupex.com.br/repository/public/org/junit/platform/junit-platform-engine/6.0.3/junit-platform-engine-6.0.3.pom
2026-02-24 15:51:23,632 [Worker-7: Import Getting Started Content] INFO  o.e.m.c.i.e.AbstractTransferListenerAdapter - Downloaded http://binrepo.poupex.com.br/repository/public/org/junit/platform/junit-platform-engine/6.0.3/junit-platform-engine-6.0.3.pom
2026-02-24 15:51:23,669 [Worker-7: Import Getting Started Content] INFO  o.e.m.c.i.e.AbstractTransferListenerAdapter - Downloading http://binrepo.poupex.com.br/repository/public/org/mockito/mockito-core/5.20.0/mockito-core-5.20.0.pom
2026-02-24 15:51:23,705 [Worker-7: Import Getting Started Content] INFO  o.e.m.c.i.e.AbstractTransferListenerAdapter - Downloaded http://binrepo.poupex.com.br/repository/public/org/mockito/mockito-core/5.20.0/mockito-core-5.20.0.pom
2026-02-24 15:51:23,778 [Worker-7: Import Getting Started Content] INFO  o.e.m.c.i.e.AbstractTransferListenerAdapter - Downloading http://binrepo.poupex.com.br/repository/public/org/mockito/mockito-junit-jupiter/5.20.0/mockito-junit-jupiter-5.20.0.pom
2026-02-24 15:51:23,819 [Worker-7: Import Getting Started Content] INFO  o.e.m.c.i.e.AbstractTransferListenerAdapter - Downloaded http://binrepo.poupex.com.br/repository/public/org/mockito/mockito-junit-jupiter/5.20.0/mockito-junit-jupiter-5.20.0.pom
2026-02-24 15:51:23,909 [Worker-7: Import Getting Started Content] INFO  o.e.m.c.i.e.AbstractTransferListenerAdapter - Downloading http://binrepo.poupex.com.br/repository/public/org/springframework/boot/spring-boot-starter-jdbc-test/4.0.3/spring-boot-starter-jdbc-test-4.0.3.pom
2026-02-24 15:51:23,991 [Worker-7: Import Getting Started Content] INFO  o.e.m.c.i.e.AbstractTransferListenerAdapter - Downloaded http://binrepo.poupex.com.br/repository/public/org/springframework/boot/spring-boot-starter-jdbc-test/4.0.3/spring-boot-starter-jdbc-test-4.0.3.pom
2026-02-24 15:51:24,068 [Worker-7: Import Getting Started Content] INFO  o.e.m.c.i.e.AbstractTransferListenerAdapter - Downloading http://binrepo.poupex.com.br/repository/public/org/springframework/boot/spring-boot-jdbc-test/4.0.3/spring-boot-jdbc-test-4.0.3.pom
2026-02-24 15:51:24,150 [Worker-7: Import Getting Started Content] INFO  o.e.m.c.i.e.AbstractTransferListenerAdapter - Downloaded http://binrepo.poupex.com.br/repository/public/org/springframework/boot/spring-boot-jdbc-test/4.0.3/spring-boot-jdbc-test-4.0.3.pom
2026-02-24 15:51:24,228 [Worker-7: Import Getting Started Content] INFO  o.e.m.c.i.e.AbstractTransferListenerAdapter - Downloading http://binrepo.poupex.com.br/repository/public/org/springframework/boot/spring-boot-data-jpa-test/4.0.3/spring-boot-data-jpa-test-4.0.3.pom
2026-02-24 15:51:24,322 [Worker-7: Import Getting Started Content] INFO  o.e.m.c.i.e.AbstractTransferListenerAdapter - Downloaded http://binrepo.poupex.com.br/repository/public/org/springframework/boot/spring-boot-data-jpa-test/4.0.3/spring-boot-data-jpa-test-4.0.3.pom
2026-02-24 15:51:24,412 [Worker-7: Import Getting Started Content] INFO  o.e.m.c.i.e.AbstractTransferListenerAdapter - Downloading http://binrepo.poupex.com.br/repository/public/org/springframework/boot/spring-boot-jpa-test/4.0.3/spring-boot-jpa-test-4.0.3.pom
2026-02-24 15:51:24,486 [Worker-7: Import Getting Started Content] INFO  o.e.m.c.i.e.AbstractTransferListenerAdapter - Downloaded http://binrepo.poupex.com.br/repository/public/org/springframework/boot/spring-boot-jpa-test/4.0.3/spring-boot-jpa-test-4.0.3.pom
2026-02-24 15:51:24,524 [Worker-7: Import Getting Started Content] INFO  o.e.m.c.i.e.AbstractTransferListenerAdapter - Downloading http://binrepo.poupex.com.br/repository/public/org/springframework/boot/spring-boot-starter-webmvc-test/4.0.3/spring-boot-starter-webmvc-test-4.0.3.pom
2026-02-24 15:51:24,562 [Worker-7: Import Getting Started Content] INFO  o.e.m.c.i.e.AbstractTransferListenerAdapter - Downloaded http://binrepo.poupex.com.br/repository/public/org/springframework/boot/spring-boot-starter-webmvc-test/4.0.3/spring-boot-starter-webmvc-test-4.0.3.pom
2026-02-24 15:51:24,598 [Worker-7: Import Getting Started Content] INFO  o.e.m.c.i.e.AbstractTransferListenerAdapter - Downloading http://binrepo.poupex.com.br/repository/public/org/springframework/boot/spring-boot-starter-jackson-test/4.0.3/spring-boot-starter-jackson-test-4.0.3.pom
2026-02-24 15:51:24,635 [Worker-7: Import Getting Started Content] INFO  o.e.m.c.i.e.AbstractTransferListenerAdapter - Downloaded http://binrepo.poupex.com.br/repository/public/org/springframework/boot/spring-boot-starter-jackson-test/4.0.3/spring-boot-starter-jackson-test-4.0.3.pom
2026-02-24 15:51:24,673 [Worker-7: Import Getting Started Content] INFO  o.e.m.c.i.e.AbstractTransferListenerAdapter - Downloading http://binrepo.poupex.com.br/repository/public/org/springframework/boot/spring-boot-webmvc-test/4.0.3/spring-boot-webmvc-test-4.0.3.pom
2026-02-24 15:51:24,707 [Worker-7: Import Getting Started Content] INFO  o.e.m.c.i.e.AbstractTransferListenerAdapter - Downloaded http://binrepo.poupex.com.br/repository/public/org/springframework/boot/spring-boot-webmvc-test/4.0.3/spring-boot-webmvc-test-4.0.3.pom
2026-02-24 15:51:24,744 [Worker-7: Import Getting Started Content] INFO  o.e.m.c.i.e.AbstractTransferListenerAdapter - Downloading http://binrepo.poupex.com.br/repository/public/org/springframework/boot/spring-boot-resttestclient/4.0.3/spring-boot-resttestclient-4.0.3.pom
2026-02-24 15:51:24,782 [Worker-7: Import Getting Started Content] INFO  o.e.m.c.i.e.AbstractTransferListenerAdapter - Downloaded http://binrepo.poupex.com.br/repository/public/org/springframework/boot/spring-boot-resttestclient/4.0.3/spring-boot-resttestclient-4.0.3.pom
2026-02-24 15:51:24,951 [Worker-7: Import Getting Started Content] INFO  o.e.m.c.i.e.AbstractTransferListenerAdapter - Downloading http://binrepo.poupex.com.br/repository/public/org/springframework/boot/spring-boot-h2console/4.0.3/spring-boot-h2console-4.0.3.jar
2026-02-24 15:51:25,038 [Worker-7: Import Getting Started Content] INFO  o.e.m.c.i.e.AbstractTransferListenerAdapter - Downloaded http://binrepo.poupex.com.br/repository/public/org/springframework/boot/spring-boot-h2console/4.0.3/spring-boot-h2console-4.0.3.jar
2026-02-24 15:51:25,077 [BasicRepositoryConnector-binrepo.poupex.com.br-0-2] INFO  o.e.m.c.i.e.AbstractTransferListenerAdapter - Downloading http://binrepo.poupex.com.br/repository/public/commons-logging/commons-logging/1.3.5/commons-logging-1.3.5.jar
2026-02-24 15:51:25,102 [BasicRepositoryConnector-binrepo.poupex.com.br-0-4] INFO  o.e.m.c.i.e.AbstractTransferListenerAdapter - Downloading http://binrepo.poupex.com.br/repository/public/org/springframework/spring-context/7.0.5/spring-context-7.0.5.jar
2026-02-24 15:51:25,106 [BasicRepositoryConnector-binrepo.poupex.com.br-0-3] INFO  o.e.m.c.i.e.AbstractTransferListenerAdapter - Downloading http://binrepo.poupex.com.br/repository/public/org/jspecify/jspecify/1.0.0/jspecify-1.0.0.jar
2026-02-24 15:51:25,107 [BasicRepositoryConnector-binrepo.poupex.com.br-0-1] INFO  o.e.m.c.i.e.AbstractTransferListenerAdapter - Downloading http://binrepo.poupex.com.br/repository/public/org/springframework/spring-core/7.0.5/spring-core-7.0.5.jar
2026-02-24 15:51:25,111 [BasicRepositoryConnector-binrepo.poupex.com.br-0-0] INFO  o.e.m.c.i.e.AbstractTransferListenerAdapter - Downloading http://binrepo.poupex.com.br/repository/public/org/springframework/boot/spring-boot/4.0.3/spring-boot-4.0.3.jar
2026-02-24 15:51:25,143 [BasicRepositoryConnector-binrepo.poupex.com.br-0-3] INFO  o.e.m.c.i.e.AbstractTransferListenerAdapter - Downloaded http://binrepo.poupex.com.br/repository/public/org/jspecify/jspecify/1.0.0/jspecify-1.0.0.jar
2026-02-24 15:51:25,155 [BasicRepositoryConnector-binrepo.poupex.com.br-0-2] INFO  o.e.m.c.i.e.AbstractTransferListenerAdapter - Downloaded http://binrepo.poupex.com.br/repository/public/commons-logging/commons-logging/1.3.5/commons-logging-1.3.5.jar
2026-02-24 15:51:25,177 [BasicRepositoryConnector-binrepo.poupex.com.br-0-3] INFO  o.e.m.c.i.e.AbstractTransferListenerAdapter - Downloading http://binrepo.poupex.com.br/repository/public/org/springframework/spring-aop/7.0.5/spring-aop-7.0.5.jar
2026-02-24 15:51:25,186 [BasicRepositoryConnector-binrepo.poupex.com.br-0-2] INFO  o.e.m.c.i.e.AbstractTransferListenerAdapter - Downloading http://binrepo.poupex.com.br/repository/public/org/springframework/spring-beans/7.0.5/spring-beans-7.0.5.jar
2026-02-24 15:51:25,502 [BasicRepositoryConnector-binrepo.poupex.com.br-0-2] INFO  o.e.m.c.i.e.AbstractTransferListenerAdapter - Downloaded http://binrepo.poupex.com.br/repository/public/org/springframework/spring-beans/7.0.5/spring-beans-7.0.5.jar
2026-02-24 15:51:25,532 [BasicRepositoryConnector-binrepo.poupex.com.br-0-2] INFO  o.e.m.c.i.e.AbstractTransferListenerAdapter - Downloading http://binrepo.poupex.com.br/repository/public/org/springframework/spring-expression/7.0.5/spring-expression-7.0.5.jar
2026-02-24 15:51:25,630 [BasicRepositoryConnector-binrepo.poupex.com.br-0-2] INFO  o.e.m.c.i.e.AbstractTransferListenerAdapter - Downloaded http://binrepo.poupex.com.br/repository/public/org/springframework/spring-expression/7.0.5/spring-expression-7.0.5.jar
2026-02-24 15:51:25,638 [BasicRepositoryConnector-binrepo.poupex.com.br-0-3] INFO  o.e.m.c.i.e.AbstractTransferListenerAdapter - Downloaded http://binrepo.poupex.com.br/repository/public/org/springframework/spring-aop/7.0.5/spring-aop-7.0.5.jar
2026-02-24 15:51:25,660 [BasicRepositoryConnector-binrepo.poupex.com.br-0-2] INFO  o.e.m.c.i.e.AbstractTransferListenerAdapter - Downloading http://binrepo.poupex.com.br/repository/public/io/micrometer/micrometer-observation/1.16.3/micrometer-observation-1.16.3.jar
2026-02-24 15:51:25,678 [BasicRepositoryConnector-binrepo.poupex.com.br-0-3] INFO  o.e.m.c.i.e.AbstractTransferListenerAdapter - Downloading http://binrepo.poupex.com.br/repository/public/io/micrometer/micrometer-commons/1.16.3/micrometer-commons-1.16.3.jar
2026-02-24 15:51:25,710 [BasicRepositoryConnector-binrepo.poupex.com.br-0-2] INFO  o.e.m.c.i.e.AbstractTransferListenerAdapter - Downloaded http://binrepo.poupex.com.br/repository/public/io/micrometer/micrometer-observation/1.16.3/micrometer-observation-1.16.3.jar
2026-02-24 15:51:25,744 [BasicRepositoryConnector-binrepo.poupex.com.br-0-2] INFO  o.e.m.c.i.e.AbstractTransferListenerAdapter - Downloading http://binrepo.poupex.com.br/repository/public/jakarta/servlet/jakarta.servlet-api/6.1.0/jakarta.servlet-api-6.1.0.jar
2026-02-24 15:51:25,766 [BasicRepositoryConnector-binrepo.poupex.com.br-0-3] INFO  o.e.m.c.i.e.AbstractTransferListenerAdapter - Downloaded http://binrepo.poupex.com.br/repository/public/io/micrometer/micrometer-commons/1.16.3/micrometer-commons-1.16.3.jar
2026-02-24 15:51:25,797 [BasicRepositoryConnector-binrepo.poupex.com.br-0-3] INFO  o.e.m.c.i.e.AbstractTransferListenerAdapter - Downloading http://binrepo.poupex.com.br/repository/public/org/springframework/boot/spring-boot-starter-data-jpa/4.0.3/spring-boot-starter-data-jpa-4.0.3.jar
2026-02-24 15:51:25,807 [BasicRepositoryConnector-binrepo.poupex.com.br-0-4] INFO  o.e.m.c.i.e.AbstractTransferListenerAdapter - Downloaded http://binrepo.poupex.com.br/repository/public/org/springframework/spring-context/7.0.5/spring-context-7.0.5.jar
2026-02-24 15:51:25,833 [BasicRepositoryConnector-binrepo.poupex.com.br-0-3] INFO  o.e.m.c.i.e.AbstractTransferListenerAdapter - Downloaded http://binrepo.poupex.com.br/repository/public/org/springframework/boot/spring-boot-starter-data-jpa/4.0.3/spring-boot-starter-data-jpa-4.0.3.jar
2026-02-24 15:51:25,842 [BasicRepositoryConnector-binrepo.poupex.com.br-0-4] INFO  o.e.m.c.i.e.AbstractTransferListenerAdapter - Downloading http://binrepo.poupex.com.br/repository/public/org/springframework/boot/spring-boot-starter/4.0.3/spring-boot-starter-4.0.3.jar
2026-02-24 15:51:25,866 [BasicRepositoryConnector-binrepo.poupex.com.br-0-3] INFO  o.e.m.c.i.e.AbstractTransferListenerAdapter - Downloading http://binrepo.poupex.com.br/repository/public/org/springframework/boot/spring-boot-starter-logging/4.0.3/spring-boot-starter-logging-4.0.3.jar
2026-02-24 15:51:25,868 [BasicRepositoryConnector-binrepo.poupex.com.br-0-2] INFO  o.e.m.c.i.e.AbstractTransferListenerAdapter - Downloaded http://binrepo.poupex.com.br/repository/public/jakarta/servlet/jakarta.servlet-api/6.1.0/jakarta.servlet-api-6.1.0.jar
2026-02-24 15:51:25,878 [BasicRepositoryConnector-binrepo.poupex.com.br-0-4] INFO  o.e.m.c.i.e.AbstractTransferListenerAdapter - Downloaded http://binrepo.poupex.com.br/repository/public/org/springframework/boot/spring-boot-starter/4.0.3/spring-boot-starter-4.0.3.jar
2026-02-24 15:51:25,901 [BasicRepositoryConnector-binrepo.poupex.com.br-0-2] INFO  o.e.m.c.i.e.AbstractTransferListenerAdapter - Downloading http://binrepo.poupex.com.br/repository/public/ch/qos/logback/logback-classic/1.5.32/logback-classic-1.5.32.jar
2026-02-24 15:51:25,911 [BasicRepositoryConnector-binrepo.poupex.com.br-0-3] INFO  o.e.m.c.i.e.AbstractTransferListenerAdapter - Downloaded http://binrepo.poupex.com.br/repository/public/org/springframework/boot/spring-boot-starter-logging/4.0.3/spring-boot-starter-logging-4.0.3.jar
2026-02-24 15:51:25,919 [BasicRepositoryConnector-binrepo.poupex.com.br-0-4] INFO  o.e.m.c.i.e.AbstractTransferListenerAdapter - Downloading http://binrepo.poupex.com.br/repository/public/ch/qos/logback/logback-core/1.5.32/logback-core-1.5.32.jar
2026-02-24 15:51:25,941 [BasicRepositoryConnector-binrepo.poupex.com.br-0-3] INFO  o.e.m.c.i.e.AbstractTransferListenerAdapter - Downloading http://binrepo.poupex.com.br/repository/public/org/apache/logging/log4j/log4j-to-slf4j/2.25.3/log4j-to-slf4j-2.25.3.jar
2026-02-24 15:51:25,964 [BasicRepositoryConnector-binrepo.poupex.com.br-0-0] INFO  o.e.m.c.i.e.AbstractTransferListenerAdapter - Downloaded http://binrepo.poupex.com.br/repository/public/org/springframework/boot/spring-boot/4.0.3/spring-boot-4.0.3.jar
2026-02-24 15:51:25,991 [BasicRepositoryConnector-binrepo.poupex.com.br-0-3] INFO  o.e.m.c.i.e.AbstractTransferListenerAdapter - Downloaded http://binrepo.poupex.com.br/repository/public/org/apache/logging/log4j/log4j-to-slf4j/2.25.3/log4j-to-slf4j-2.25.3.jar
2026-02-24 15:51:25,993 [BasicRepositoryConnector-binrepo.poupex.com.br-0-0] INFO  o.e.m.c.i.e.AbstractTransferListenerAdapter - Downloading http://binrepo.poupex.com.br/repository/public/org/apache/logging/log4j/log4j-api/2.25.3/log4j-api-2.25.3.jar
2026-02-24 15:51:25,996 [BasicRepositoryConnector-binrepo.poupex.com.br-0-2] INFO  o.e.m.c.i.e.AbstractTransferListenerAdapter - Downloaded http://binrepo.poupex.com.br/repository/public/ch/qos/logback/logback-classic/1.5.32/logback-classic-1.5.32.jar
2026-02-24 15:51:26,021 [BasicRepositoryConnector-binrepo.poupex.com.br-0-3] INFO  o.e.m.c.i.e.AbstractTransferListenerAdapter - Downloading http://binrepo.poupex.com.br/repository/public/jakarta/annotation/jakarta.annotation-api/3.0.0/jakarta.annotation-api-3.0.0.jar
2026-02-24 15:51:26,038 [BasicRepositoryConnector-binrepo.poupex.com.br-0-2] INFO  o.e.m.c.i.e.AbstractTransferListenerAdapter - Downloading http://binrepo.poupex.com.br/repository/public/org/yaml/snakeyaml/2.5/snakeyaml-2.5.jar
2026-02-24 15:51:26,060 [BasicRepositoryConnector-binrepo.poupex.com.br-0-3] INFO  o.e.m.c.i.e.AbstractTransferListenerAdapter - Downloaded http://binrepo.poupex.com.br/repository/public/jakarta/annotation/jakarta.annotation-api/3.0.0/jakarta.annotation-api-3.0.0.jar
2026-02-24 15:51:26,068 [BasicRepositoryConnector-binrepo.poupex.com.br-0-1] INFO  o.e.m.c.i.e.AbstractTransferListenerAdapter - Downloaded http://binrepo.poupex.com.br/repository/public/org/springframework/spring-core/7.0.5/spring-core-7.0.5.jar
2026-02-24 15:51:26,085 [BasicRepositoryConnector-binrepo.poupex.com.br-0-0] INFO  o.e.m.c.i.e.AbstractTransferListenerAdapter - Downloaded http://binrepo.poupex.com.br/repository/public/org/apache/logging/log4j/log4j-api/2.25.3/log4j-api-2.25.3.jar
2026-02-24 15:51:26,087 [BasicRepositoryConnector-binrepo.poupex.com.br-0-3] INFO  o.e.m.c.i.e.AbstractTransferListenerAdapter - Downloading http://binrepo.poupex.com.br/repository/public/org/springframework/boot/spring-boot-starter-jdbc/4.0.3/spring-boot-starter-jdbc-4.0.3.jar
2026-02-24 15:51:26,100 [BasicRepositoryConnector-binrepo.poupex.com.br-0-1] INFO  o.e.m.c.i.e.AbstractTransferListenerAdapter - Downloading http://binrepo.poupex.com.br/repository/public/com/zaxxer/HikariCP/7.0.2/HikariCP-7.0.2.jar
2026-02-24 15:51:26,116 [BasicRepositoryConnector-binrepo.poupex.com.br-0-0] INFO  o.e.m.c.i.e.AbstractTransferListenerAdapter - Downloading http://binrepo.poupex.com.br/repository/public/org/springframework/boot/spring-boot-data-jpa/4.0.3/spring-boot-data-jpa-4.0.3.jar
2026-02-24 15:51:26,126 [BasicRepositoryConnector-binrepo.poupex.com.br-0-3] INFO  o.e.m.c.i.e.AbstractTransferListenerAdapter - Downloaded http://binrepo.poupex.com.br/repository/public/org/springframework/boot/spring-boot-starter-jdbc/4.0.3/spring-boot-starter-jdbc-4.0.3.jar
2026-02-24 15:51:26,142 [BasicRepositoryConnector-binrepo.poupex.com.br-0-2] INFO  o.e.m.c.i.e.AbstractTransferListenerAdapter - Downloaded http://binrepo.poupex.com.br/repository/public/org/yaml/snakeyaml/2.5/snakeyaml-2.5.jar
2026-02-24 15:51:26,149 [BasicRepositoryConnector-binrepo.poupex.com.br-0-0] INFO  o.e.m.c.i.e.AbstractTransferListenerAdapter - Downloaded http://binrepo.poupex.com.br/repository/public/org/springframework/boot/spring-boot-data-jpa/4.0.3/spring-boot-data-jpa-4.0.3.jar
2026-02-24 15:51:26,156 [BasicRepositoryConnector-binrepo.poupex.com.br-0-3] INFO  o.e.m.c.i.e.AbstractTransferListenerAdapter - Downloading http://binrepo.poupex.com.br/repository/public/org/springframework/boot/spring-boot-data-commons/4.0.3/spring-boot-data-commons-4.0.3.jar
2026-02-24 15:51:26,165 [BasicRepositoryConnector-binrepo.poupex.com.br-0-1] INFO  o.e.m.c.i.e.AbstractTransferListenerAdapter - Downloaded http://binrepo.poupex.com.br/repository/public/com/zaxxer/HikariCP/7.0.2/HikariCP-7.0.2.jar
2026-02-24 15:51:26,171 [BasicRepositoryConnector-binrepo.poupex.com.br-0-2] INFO  o.e.m.c.i.e.AbstractTransferListenerAdapter - Downloading http://binrepo.poupex.com.br/repository/public/org/springframework/boot/spring-boot-persistence/4.0.3/spring-boot-persistence-4.0.3.jar
2026-02-24 15:51:26,178 [BasicRepositoryConnector-binrepo.poupex.com.br-0-0] INFO  o.e.m.c.i.e.AbstractTransferListenerAdapter - Downloading http://binrepo.poupex.com.br/repository/public/org/springframework/data/spring-data-commons/4.0.3/spring-data-commons-4.0.3.jar
2026-02-24 15:51:26,193 [BasicRepositoryConnector-binrepo.poupex.com.br-0-3] INFO  o.e.m.c.i.e.AbstractTransferListenerAdapter - Downloaded http://binrepo.poupex.com.br/repository/public/org/springframework/boot/spring-boot-data-commons/4.0.3/spring-boot-data-commons-4.0.3.jar
2026-02-24 15:51:26,194 [BasicRepositoryConnector-binrepo.poupex.com.br-0-1] INFO  o.e.m.c.i.e.AbstractTransferListenerAdapter - Downloading http://binrepo.poupex.com.br/repository/public/org/springframework/boot/spring-boot-hibernate/4.0.3/spring-boot-hibernate-4.0.3.jar
2026-02-24 15:51:26,204 [BasicRepositoryConnector-binrepo.poupex.com.br-0-2] INFO  o.e.m.c.i.e.AbstractTransferListenerAdapter - Downloaded http://binrepo.poupex.com.br/repository/public/org/springframework/boot/spring-boot-persistence/4.0.3/spring-boot-persistence-4.0.3.jar
2026-02-24 15:51:26,224 [BasicRepositoryConnector-binrepo.poupex.com.br-0-3] INFO  o.e.m.c.i.e.AbstractTransferListenerAdapter - Downloading http://binrepo.poupex.com.br/repository/public/org/springframework/boot/spring-boot-jpa/4.0.3/spring-boot-jpa-4.0.3.jar
2026-02-24 15:51:26,233 [BasicRepositoryConnector-binrepo.poupex.com.br-0-2] INFO  o.e.m.c.i.e.AbstractTransferListenerAdapter - Downloading http://binrepo.poupex.com.br/repository/public/jakarta/persistence/jakarta.persistence-api/3.2.0/jakarta.persistence-api-3.2.0.jar
2026-02-24 15:51:26,233 [BasicRepositoryConnector-binrepo.poupex.com.br-0-1] INFO  o.e.m.c.i.e.AbstractTransferListenerAdapter - Downloaded http://binrepo.poupex.com.br/repository/public/org/springframework/boot/spring-boot-hibernate/4.0.3/spring-boot-hibernate-4.0.3.jar
2026-02-24 15:51:26,263 [BasicRepositoryConnector-binrepo.poupex.com.br-0-1] INFO  o.e.m.c.i.e.AbstractTransferListenerAdapter - Downloading http://binrepo.poupex.com.br/repository/public/org/hibernate/orm/hibernate-core/7.2.4.Final/hibernate-core-7.2.4.Final.jar
2026-02-24 15:51:26,265 [BasicRepositoryConnector-binrepo.poupex.com.br-0-3] INFO  o.e.m.c.i.e.AbstractTransferListenerAdapter - Downloaded http://binrepo.poupex.com.br/repository/public/org/springframework/boot/spring-boot-jpa/4.0.3/spring-boot-jpa-4.0.3.jar
2026-02-24 15:51:26,297 [BasicRepositoryConnector-binrepo.poupex.com.br-0-3] INFO  o.e.m.c.i.e.AbstractTransferListenerAdapter - Downloading http://binrepo.poupex.com.br/repository/public/org/jboss/logging/jboss-logging/3.6.2.Final/jboss-logging-3.6.2.Final.jar
2026-02-24 15:51:26,302 [BasicRepositoryConnector-binrepo.poupex.com.br-0-2] INFO  o.e.m.c.i.e.AbstractTransferListenerAdapter - Downloaded http://binrepo.poupex.com.br/repository/public/jakarta/persistence/jakarta.persistence-api/3.2.0/jakarta.persistence-api-3.2.0.jar
2026-02-24 15:51:26,375 [BasicRepositoryConnector-binrepo.poupex.com.br-0-3] INFO  o.e.m.c.i.e.AbstractTransferListenerAdapter - Downloaded http://binrepo.poupex.com.br/repository/public/org/jboss/logging/jboss-logging/3.6.2.Final/jboss-logging-3.6.2.Final.jar
2026-02-24 15:51:26,382 [BasicRepositoryConnector-binrepo.poupex.com.br-0-2] INFO  o.e.m.c.i.e.AbstractTransferListenerAdapter - Downloading http://binrepo.poupex.com.br/repository/public/org/hibernate/models/hibernate-models/1.0.1/hibernate-models-1.0.1.jar
2026-02-24 15:51:26,406 [BasicRepositoryConnector-binrepo.poupex.com.br-0-3] INFO  o.e.m.c.i.e.AbstractTransferListenerAdapter - Downloading http://binrepo.poupex.com.br/repository/public/com/fasterxml/classmate/1.7.3/classmate-1.7.3.jar
2026-02-24 15:51:26,458 [BasicRepositoryConnector-binrepo.poupex.com.br-0-2] INFO  o.e.m.c.i.e.AbstractTransferListenerAdapter - Downloaded http://binrepo.poupex.com.br/repository/public/org/hibernate/models/hibernate-models/1.0.1/hibernate-models-1.0.1.jar
2026-02-24 15:51:26,461 [BasicRepositoryConnector-binrepo.poupex.com.br-0-3] INFO  o.e.m.c.i.e.AbstractTransferListenerAdapter - Downloaded http://binrepo.poupex.com.br/repository/public/com/fasterxml/classmate/1.7.3/classmate-1.7.3.jar
2026-02-24 15:51:26,489 [BasicRepositoryConnector-binrepo.poupex.com.br-0-2] INFO  o.e.m.c.i.e.AbstractTransferListenerAdapter - Downloading http://binrepo.poupex.com.br/repository/public/org/springframework/spring-orm/7.0.5/spring-orm-7.0.5.jar
2026-02-24 15:51:26,496 [BasicRepositoryConnector-binrepo.poupex.com.br-0-3] INFO  o.e.m.c.i.e.AbstractTransferListenerAdapter - Downloading http://binrepo.poupex.com.br/repository/public/org/springframework/data/spring-data-jpa/4.0.3/spring-data-jpa-4.0.3.jar
2026-02-24 15:51:26,506 [BasicRepositoryConnector-binrepo.poupex.com.br-0-0] INFO  o.e.m.c.i.e.AbstractTransferListenerAdapter - Downloaded http://binrepo.poupex.com.br/repository/public/org/springframework/data/spring-data-commons/4.0.3/spring-data-commons-4.0.3.jar
2026-02-24 15:51:26,537 [BasicRepositoryConnector-binrepo.poupex.com.br-0-0] INFO  o.e.m.c.i.e.AbstractTransferListenerAdapter - Downloading http://binrepo.poupex.com.br/repository/public/org/springframework/spring-tx/7.0.5/spring-tx-7.0.5.jar
2026-02-24 15:51:26,567 [BasicRepositoryConnector-binrepo.poupex.com.br-0-2] INFO  o.e.m.c.i.e.AbstractTransferListenerAdapter - Downloaded http://binrepo.poupex.com.br/repository/public/org/springframework/spring-orm/7.0.5/spring-orm-7.0.5.jar
2026-02-24 15:51:26,598 [BasicRepositoryConnector-binrepo.poupex.com.br-0-2] INFO  o.e.m.c.i.e.AbstractTransferListenerAdapter - Downloading http://binrepo.poupex.com.br/repository/public/org/antlr/antlr4-runtime/4.13.2/antlr4-runtime-4.13.2.jar
2026-02-24 15:51:26,601 [BasicRepositoryConnector-binrepo.poupex.com.br-0-4] INFO  o.e.m.c.i.e.AbstractTransferListenerAdapter - Downloaded http://binrepo.poupex.com.br/repository/public/ch/qos/logback/logback-core/1.5.32/logback-core-1.5.32.jar
2026-02-24 15:51:26,621 [BasicRepositoryConnector-binrepo.poupex.com.br-0-0] INFO  o.e.m.c.i.e.AbstractTransferListenerAdapter - Downloaded http://binrepo.poupex.com.br/repository/public/org/springframework/spring-tx/7.0.5/spring-tx-7.0.5.jar
2026-02-24 15:51:26,637 [BasicRepositoryConnector-binrepo.poupex.com.br-0-4] INFO  o.e.m.c.i.e.AbstractTransferListenerAdapter - Downloading http://binrepo.poupex.com.br/repository/public/org/springframework/spring-aspects/7.0.5/spring-aspects-7.0.5.jar
2026-02-24 15:51:26,656 [BasicRepositoryConnector-binrepo.poupex.com.br-0-0] INFO  o.e.m.c.i.e.AbstractTransferListenerAdapter - Downloading http://binrepo.poupex.com.br/repository/public/org/aspectj/aspectjweaver/1.9.25.1/aspectjweaver-1.9.25.1.jar
2026-02-24 15:51:26,702 [BasicRepositoryConnector-binrepo.poupex.com.br-0-2] INFO  o.e.m.c.i.e.AbstractTransferListenerAdapter - Downloaded http://binrepo.poupex.com.br/repository/public/org/antlr/antlr4-runtime/4.13.2/antlr4-runtime-4.13.2.jar
2026-02-24 15:51:26,717 [BasicRepositoryConnector-binrepo.poupex.com.br-0-4] INFO  o.e.m.c.i.e.AbstractTransferListenerAdapter - Downloaded http://binrepo.poupex.com.br/repository/public/org/springframework/spring-aspects/7.0.5/spring-aspects-7.0.5.jar
2026-02-24 15:51:26,733 [BasicRepositoryConnector-binrepo.poupex.com.br-0-2] INFO  o.e.m.c.i.e.AbstractTransferListenerAdapter - Downloading http://binrepo.poupex.com.br/repository/public/org/springframework/boot/spring-boot-jdbc/4.0.3/spring-boot-jdbc-4.0.3.jar
2026-02-24 15:51:26,758 [BasicRepositoryConnector-binrepo.poupex.com.br-0-4] INFO  o.e.m.c.i.e.AbstractTransferListenerAdapter - Downloading http://binrepo.poupex.com.br/repository/public/org/springframework/boot/spring-boot-sql/4.0.3/spring-boot-sql-4.0.3.jar
2026-02-24 15:51:26,818 [BasicRepositoryConnector-binrepo.poupex.com.br-0-2] INFO  o.e.m.c.i.e.AbstractTransferListenerAdapter - Downloaded http://binrepo.poupex.com.br/repository/public/org/springframework/boot/spring-boot-jdbc/4.0.3/spring-boot-jdbc-4.0.3.jar
2026-02-24 15:51:26,833 [BasicRepositoryConnector-binrepo.poupex.com.br-0-4] INFO  o.e.m.c.i.e.AbstractTransferListenerAdapter - Downloaded http://binrepo.poupex.com.br/repository/public/org/springframework/boot/spring-boot-sql/4.0.3/spring-boot-sql-4.0.3.jar
2026-02-24 15:51:26,848 [BasicRepositoryConnector-binrepo.poupex.com.br-0-2] INFO  o.e.m.c.i.e.AbstractTransferListenerAdapter - Downloading http://binrepo.poupex.com.br/repository/public/org/springframework/boot/spring-boot-transaction/4.0.3/spring-boot-transaction-4.0.3.jar
2026-02-24 15:51:26,872 [BasicRepositoryConnector-binrepo.poupex.com.br-0-4] INFO  o.e.m.c.i.e.AbstractTransferListenerAdapter - Downloading http://binrepo.poupex.com.br/repository/public/org/springframework/spring-jdbc/7.0.5/spring-jdbc-7.0.5.jar
2026-02-24 15:51:26,894 [BasicRepositoryConnector-binrepo.poupex.com.br-0-2] INFO  o.e.m.c.i.e.AbstractTransferListenerAdapter - Downloaded http://binrepo.poupex.com.br/repository/public/org/springframework/boot/spring-boot-transaction/4.0.3/spring-boot-transaction-4.0.3.jar
2026-02-24 15:51:26,925 [BasicRepositoryConnector-binrepo.poupex.com.br-0-2] INFO  o.e.m.c.i.e.AbstractTransferListenerAdapter - Downloading http://binrepo.poupex.com.br/repository/public/org/springframework/boot/spring-boot-starter-webmvc/4.0.3/spring-boot-starter-webmvc-4.0.3.jar
2026-02-24 15:51:26,944 [BasicRepositoryConnector-binrepo.poupex.com.br-0-3] INFO  o.e.m.c.i.e.AbstractTransferListenerAdapter - Downloaded http://binrepo.poupex.com.br/repository/public/org/springframework/data/spring-data-jpa/4.0.3/spring-data-jpa-4.0.3.jar
2026-02-24 15:51:26,961 [BasicRepositoryConnector-binrepo.poupex.com.br-0-2] INFO  o.e.m.c.i.e.AbstractTransferListenerAdapter - Downloaded http://binrepo.poupex.com.br/repository/public/org/springframework/boot/spring-boot-starter-webmvc/4.0.3/spring-boot-starter-webmvc-4.0.3.jar
2026-02-24 15:51:26,981 [BasicRepositoryConnector-binrepo.poupex.com.br-0-3] INFO  o.e.m.c.i.e.AbstractTransferListenerAdapter - Downloading http://binrepo.poupex.com.br/repository/public/org/springframework/boot/spring-boot-starter-jackson/4.0.3/spring-boot-starter-jackson-4.0.3.jar
2026-02-24 15:51:26,996 [BasicRepositoryConnector-binrepo.poupex.com.br-0-2] INFO  o.e.m.c.i.e.AbstractTransferListenerAdapter - Downloading http://binrepo.poupex.com.br/repository/public/org/springframework/boot/spring-boot-jackson/4.0.3/spring-boot-jackson-4.0.3.jar
2026-02-24 15:51:27,024 [BasicRepositoryConnector-binrepo.poupex.com.br-0-3] INFO  o.e.m.c.i.e.AbstractTransferListenerAdapter - Downloaded http://binrepo.poupex.com.br/repository/public/org/springframework/boot/spring-boot-starter-jackson/4.0.3/spring-boot-starter-jackson-4.0.3.jar
2026-02-24 15:51:27,041 [BasicRepositoryConnector-binrepo.poupex.com.br-0-2] INFO  o.e.m.c.i.e.AbstractTransferListenerAdapter - Downloaded http://binrepo.poupex.com.br/repository/public/org/springframework/boot/spring-boot-jackson/4.0.3/spring-boot-jackson-4.0.3.jar
2026-02-24 15:51:27,060 [BasicRepositoryConnector-binrepo.poupex.com.br-0-3] INFO  o.e.m.c.i.e.AbstractTransferListenerAdapter - Downloading http://binrepo.poupex.com.br/repository/public/tools/jackson/core/jackson-databind/3.0.4/jackson-databind-3.0.4.jar
2026-02-24 15:51:27,072 [BasicRepositoryConnector-binrepo.poupex.com.br-0-2] INFO  o.e.m.c.i.e.AbstractTransferListenerAdapter - Downloading http://binrepo.poupex.com.br/repository/public/com/fasterxml/jackson/core/jackson-annotations/2.20/jackson-annotations-2.20.jar
2026-02-24 15:51:27,105 [BasicRepositoryConnector-binrepo.poupex.com.br-0-0] INFO  o.e.m.c.i.e.AbstractTransferListenerAdapter - Downloaded http://binrepo.poupex.com.br/repository/public/org/aspectj/aspectjweaver/1.9.25.1/aspectjweaver-1.9.25.1.jar
2026-02-24 15:51:27,120 [BasicRepositoryConnector-binrepo.poupex.com.br-0-2] INFO  o.e.m.c.i.e.AbstractTransferListenerAdapter - Downloaded http://binrepo.poupex.com.br/repository/public/com/fasterxml/jackson/core/jackson-annotations/2.20/jackson-annotations-2.20.jar
2026-02-24 15:51:27,140 [BasicRepositoryConnector-binrepo.poupex.com.br-0-0] INFO  o.e.m.c.i.e.AbstractTransferListenerAdapter - Downloading http://binrepo.poupex.com.br/repository/public/tools/jackson/core/jackson-core/3.0.4/jackson-core-3.0.4.jar
2026-02-24 15:51:27,153 [BasicRepositoryConnector-binrepo.poupex.com.br-0-2] INFO  o.e.m.c.i.e.AbstractTransferListenerAdapter - Downloading http://binrepo.poupex.com.br/repository/public/org/springframework/boot/spring-boot-starter-tomcat/4.0.3/spring-boot-starter-tomcat-4.0.3.jar
2026-02-24 15:51:27,187 [BasicRepositoryConnector-binrepo.poupex.com.br-0-2] INFO  o.e.m.c.i.e.AbstractTransferListenerAdapter - Downloaded http://binrepo.poupex.com.br/repository/public/org/springframework/boot/spring-boot-starter-tomcat/4.0.3/spring-boot-starter-tomcat-4.0.3.jar
2026-02-24 15:51:27,217 [BasicRepositoryConnector-binrepo.poupex.com.br-0-2] INFO  o.e.m.c.i.e.AbstractTransferListenerAdapter - Downloading http://binrepo.poupex.com.br/repository/public/org/springframework/boot/spring-boot-starter-tomcat-runtime/4.0.3/spring-boot-starter-tomcat-runtime-4.0.3.jar
2026-02-24 15:51:27,256 [BasicRepositoryConnector-binrepo.poupex.com.br-0-2] INFO  o.e.m.c.i.e.AbstractTransferListenerAdapter - Downloaded http://binrepo.poupex.com.br/repository/public/org/springframework/boot/spring-boot-starter-tomcat-runtime/4.0.3/spring-boot-starter-tomcat-runtime-4.0.3.jar
2026-02-24 15:51:27,286 [BasicRepositoryConnector-binrepo.poupex.com.br-0-2] INFO  o.e.m.c.i.e.AbstractTransferListenerAdapter - Downloading http://binrepo.poupex.com.br/repository/public/org/apache/tomcat/embed/tomcat-embed-core/11.0.18/tomcat-embed-core-11.0.18.jar
2026-02-24 15:51:27,288 [BasicRepositoryConnector-binrepo.poupex.com.br-0-0] INFO  o.e.m.c.i.e.AbstractTransferListenerAdapter - Downloaded http://binrepo.poupex.com.br/repository/public/tools/jackson/core/jackson-core/3.0.4/jackson-core-3.0.4.jar
2026-02-24 15:51:27,320 [BasicRepositoryConnector-binrepo.poupex.com.br-0-0] INFO  o.e.m.c.i.e.AbstractTransferListenerAdapter - Downloading http://binrepo.poupex.com.br/repository/public/org/apache/tomcat/embed/tomcat-embed-el/11.0.18/tomcat-embed-el-11.0.18.jar
2026-02-24 15:51:27,347 [BasicRepositoryConnector-binrepo.poupex.com.br-0-4] INFO  o.e.m.c.i.e.AbstractTransferListenerAdapter - Downloaded http://binrepo.poupex.com.br/repository/public/org/springframework/spring-jdbc/7.0.5/spring-jdbc-7.0.5.jar
2026-02-24 15:51:27,385 [BasicRepositoryConnector-binrepo.poupex.com.br-0-4] INFO  o.e.m.c.i.e.AbstractTransferListenerAdapter - Downloading http://binrepo.poupex.com.br/repository/public/org/apache/tomcat/embed/tomcat-embed-websocket/11.0.18/tomcat-embed-websocket-11.0.18.jar
2026-02-24 15:51:27,406 [BasicRepositoryConnector-binrepo.poupex.com.br-0-0] INFO  o.e.m.c.i.e.AbstractTransferListenerAdapter - Downloaded http://binrepo.poupex.com.br/repository/public/org/apache/tomcat/embed/tomcat-embed-el/11.0.18/tomcat-embed-el-11.0.18.jar
2026-02-24 15:51:27,438 [BasicRepositoryConnector-binrepo.poupex.com.br-0-0] INFO  o.e.m.c.i.e.AbstractTransferListenerAdapter - Downloading http://binrepo.poupex.com.br/repository/public/org/springframework/boot/spring-boot-tomcat/4.0.3/spring-boot-tomcat-4.0.3.jar
2026-02-24 15:51:27,473 [BasicRepositoryConnector-binrepo.poupex.com.br-0-3] INFO  o.e.m.c.i.e.AbstractTransferListenerAdapter - Downloaded http://binrepo.poupex.com.br/repository/public/tools/jackson/core/jackson-databind/3.0.4/jackson-databind-3.0.4.jar
2026-02-24 15:51:27,485 [BasicRepositoryConnector-binrepo.poupex.com.br-0-0] INFO  o.e.m.c.i.e.AbstractTransferListenerAdapter - Downloaded http://binrepo.poupex.com.br/repository/public/org/springframework/boot/spring-boot-tomcat/4.0.3/spring-boot-tomcat-4.0.3.jar
2026-02-24 15:51:27,502 [BasicRepositoryConnector-binrepo.poupex.com.br-0-3] INFO  o.e.m.c.i.e.AbstractTransferListenerAdapter - Downloading http://binrepo.poupex.com.br/repository/public/org/springframework/boot/spring-boot-http-converter/4.0.3/spring-boot-http-converter-4.0.3.jar
2026-02-24 15:51:27,515 [BasicRepositoryConnector-binrepo.poupex.com.br-0-0] INFO  o.e.m.c.i.e.AbstractTransferListenerAdapter - Downloading http://binrepo.poupex.com.br/repository/public/org/springframework/spring-web/7.0.5/spring-web-7.0.5.jar
2026-02-24 15:51:27,546 [BasicRepositoryConnector-binrepo.poupex.com.br-0-3] INFO  o.e.m.c.i.e.AbstractTransferListenerAdapter - Downloaded http://binrepo.poupex.com.br/repository/public/org/springframework/boot/spring-boot-http-converter/4.0.3/spring-boot-http-converter-4.0.3.jar
2026-02-24 15:51:27,576 [BasicRepositoryConnector-binrepo.poupex.com.br-0-3] INFO  o.e.m.c.i.e.AbstractTransferListenerAdapter - Downloading http://binrepo.poupex.com.br/repository/public/org/springframework/boot/spring-boot-webmvc/4.0.3/spring-boot-webmvc-4.0.3.jar
2026-02-24 15:51:27,648 [BasicRepositoryConnector-binrepo.poupex.com.br-0-3] INFO  o.e.m.c.i.e.AbstractTransferListenerAdapter - Downloaded http://binrepo.poupex.com.br/repository/public/org/springframework/boot/spring-boot-webmvc/4.0.3/spring-boot-webmvc-4.0.3.jar
2026-02-24 15:51:27,651 [BasicRepositoryConnector-binrepo.poupex.com.br-0-4] INFO  o.e.m.c.i.e.AbstractTransferListenerAdapter - Downloaded http://binrepo.poupex.com.br/repository/public/org/apache/tomcat/embed/tomcat-embed-websocket/11.0.18/tomcat-embed-websocket-11.0.18.jar
2026-02-24 15:51:27,682 [BasicRepositoryConnector-binrepo.poupex.com.br-0-4] INFO  o.e.m.c.i.e.AbstractTransferListenerAdapter - Downloading http://binrepo.poupex.com.br/repository/public/org/springframework/spring-webmvc/7.0.5/spring-webmvc-7.0.5.jar
2026-02-24 15:51:27,684 [BasicRepositoryConnector-binrepo.poupex.com.br-0-3] INFO  o.e.m.c.i.e.AbstractTransferListenerAdapter - Downloading http://binrepo.poupex.com.br/repository/public/org/springframework/boot/spring-boot-servlet/4.0.3/spring-boot-servlet-4.0.3.jar
2026-02-24 15:51:27,767 [BasicRepositoryConnector-binrepo.poupex.com.br-0-3] INFO  o.e.m.c.i.e.AbstractTransferListenerAdapter - Downloaded http://binrepo.poupex.com.br/repository/public/org/springframework/boot/spring-boot-servlet/4.0.3/spring-boot-servlet-4.0.3.jar
2026-02-24 15:51:27,808 [BasicRepositoryConnector-binrepo.poupex.com.br-0-3] INFO  o.e.m.c.i.e.AbstractTransferListenerAdapter - Downloading http://binrepo.poupex.com.br/repository/public/org/springframework/boot/spring-boot-devtools/4.0.3/spring-boot-devtools-4.0.3.jar
2026-02-24 15:51:27,977 [BasicRepositoryConnector-binrepo.poupex.com.br-0-4] INFO  o.e.m.c.i.e.AbstractTransferListenerAdapter - Downloaded http://binrepo.poupex.com.br/repository/public/org/springframework/spring-webmvc/7.0.5/spring-webmvc-7.0.5.jar
2026-02-24 15:51:28,011 [BasicRepositoryConnector-binrepo.poupex.com.br-0-4] INFO  o.e.m.c.i.e.AbstractTransferListenerAdapter - Downloading http://binrepo.poupex.com.br/repository/public/org/springframework/boot/spring-boot-autoconfigure/4.0.3/spring-boot-autoconfigure-4.0.3.jar
2026-02-24 15:51:28,016 [BasicRepositoryConnector-binrepo.poupex.com.br-0-0] INFO  o.e.m.c.i.e.AbstractTransferListenerAdapter - Downloaded http://binrepo.poupex.com.br/repository/public/org/springframework/spring-web/7.0.5/spring-web-7.0.5.jar
2026-02-24 15:51:28,025 [BasicRepositoryConnector-binrepo.poupex.com.br-0-3] INFO  o.e.m.c.i.e.AbstractTransferListenerAdapter - Downloaded http://binrepo.poupex.com.br/repository/public/org/springframework/boot/spring-boot-devtools/4.0.3/spring-boot-devtools-4.0.3.jar
2026-02-24 15:51:28,046 [BasicRepositoryConnector-binrepo.poupex.com.br-0-0] INFO  o.e.m.c.i.e.AbstractTransferListenerAdapter - Downloading http://binrepo.poupex.com.br/repository/public/com/h2database/h2/2.4.240/h2-2.4.240.jar
2026-02-24 15:51:28,055 [BasicRepositoryConnector-binrepo.poupex.com.br-0-3] INFO  o.e.m.c.i.e.AbstractTransferListenerAdapter - Downloading http://binrepo.poupex.com.br/repository/public/org/projectlombok/lombok/1.18.42/lombok-1.18.42.jar
2026-02-24 15:51:28,065 [BasicRepositoryConnector-binrepo.poupex.com.br-0-2] INFO  o.e.m.c.i.e.AbstractTransferListenerAdapter - Downloaded http://binrepo.poupex.com.br/repository/public/org/apache/tomcat/embed/tomcat-embed-core/11.0.18/tomcat-embed-core-11.0.18.jar
2026-02-24 15:51:28,104 [BasicRepositoryConnector-binrepo.poupex.com.br-0-4] INFO  o.e.m.c.i.e.AbstractTransferListenerAdapter - Downloaded http://binrepo.poupex.com.br/repository/public/org/springframework/boot/spring-boot-autoconfigure/4.0.3/spring-boot-autoconfigure-4.0.3.jar
2026-02-24 15:51:28,135 [BasicRepositoryConnector-binrepo.poupex.com.br-0-4] INFO  o.e.m.c.i.e.AbstractTransferListenerAdapter - Downloading http://binrepo.poupex.com.br/repository/public/org/springframework/boot/spring-boot-starter-test/4.0.3/spring-boot-starter-test-4.0.3.jar
2026-02-24 15:51:28,154 [BasicRepositoryConnector-binrepo.poupex.com.br-0-2] INFO  o.e.m.c.i.e.AbstractTransferListenerAdapter - Downloading http://binrepo.poupex.com.br/repository/public/org/springframework/boot/spring-boot-starter-data-jpa-test/4.0.3/spring-boot-starter-data-jpa-test-4.0.3.jar
2026-02-24 15:51:28,173 [BasicRepositoryConnector-binrepo.poupex.com.br-0-4] INFO  o.e.m.c.i.e.AbstractTransferListenerAdapter - Downloaded http://binrepo.poupex.com.br/repository/public/org/springframework/boot/spring-boot-starter-test/4.0.3/spring-boot-starter-test-4.0.3.jar
2026-02-24 15:51:28,203 [BasicRepositoryConnector-binrepo.poupex.com.br-0-4] INFO  o.e.m.c.i.e.AbstractTransferListenerAdapter - Downloading http://binrepo.poupex.com.br/repository/public/org/springframework/boot/spring-boot-test/4.0.3/spring-boot-test-4.0.3.jar
2026-02-24 15:51:28,230 [BasicRepositoryConnector-binrepo.poupex.com.br-0-2] INFO  o.e.m.c.i.e.AbstractTransferListenerAdapter - Downloaded http://binrepo.poupex.com.br/repository/public/org/springframework/boot/spring-boot-starter-data-jpa-test/4.0.3/spring-boot-starter-data-jpa-test-4.0.3.jar
2026-02-24 15:51:28,269 [BasicRepositoryConnector-binrepo.poupex.com.br-0-2] INFO  o.e.m.c.i.e.AbstractTransferListenerAdapter - Downloading http://binrepo.poupex.com.br/repository/public/org/springframework/boot/spring-boot-test-autoconfigure/4.0.3/spring-boot-test-autoconfigure-4.0.3.jar
2026-02-24 15:51:28,273 [BasicRepositoryConnector-binrepo.poupex.com.br-0-4] INFO  o.e.m.c.i.e.AbstractTransferListenerAdapter - Downloaded http://binrepo.poupex.com.br/repository/public/org/springframework/boot/spring-boot-test/4.0.3/spring-boot-test-4.0.3.jar
2026-02-24 15:51:28,304 [BasicRepositoryConnector-binrepo.poupex.com.br-0-4] INFO  o.e.m.c.i.e.AbstractTransferListenerAdapter - Downloading http://binrepo.poupex.com.br/repository/public/com/jayway/jsonpath/json-path/2.10.0/json-path-2.10.0.jar
2026-02-24 15:51:28,325 [BasicRepositoryConnector-binrepo.poupex.com.br-0-2] INFO  o.e.m.c.i.e.AbstractTransferListenerAdapter - Downloaded http://binrepo.poupex.com.br/repository/public/org/springframework/boot/spring-boot-test-autoconfigure/4.0.3/spring-boot-test-autoconfigure-4.0.3.jar
2026-02-24 15:51:28,365 [BasicRepositoryConnector-binrepo.poupex.com.br-0-2] INFO  o.e.m.c.i.e.AbstractTransferListenerAdapter - Downloading http://binrepo.poupex.com.br/repository/public/net/minidev/json-smart/2.6.0/json-smart-2.6.0.jar
2026-02-24 15:51:28,405 [BasicRepositoryConnector-binrepo.poupex.com.br-0-4] INFO  o.e.m.c.i.e.AbstractTransferListenerAdapter - Downloaded http://binrepo.poupex.com.br/repository/public/com/jayway/jsonpath/json-path/2.10.0/json-path-2.10.0.jar
2026-02-24 15:51:28,437 [BasicRepositoryConnector-binrepo.poupex.com.br-0-4] INFO  o.e.m.c.i.e.AbstractTransferListenerAdapter - Downloading http://binrepo.poupex.com.br/repository/public/net/minidev/accessors-smart/2.6.0/accessors-smart-2.6.0.jar
2026-02-24 15:51:28,477 [BasicRepositoryConnector-binrepo.poupex.com.br-0-4] INFO  o.e.m.c.i.e.AbstractTransferListenerAdapter - Downloaded http://binrepo.poupex.com.br/repository/public/net/minidev/accessors-smart/2.6.0/accessors-smart-2.6.0.jar
2026-02-24 15:51:28,495 [BasicRepositoryConnector-binrepo.poupex.com.br-0-3] INFO  o.e.m.c.i.e.AbstractTransferListenerAdapter - Downloaded http://binrepo.poupex.com.br/repository/public/org/projectlombok/lombok/1.18.42/lombok-1.18.42.jar
2026-02-24 15:51:28,507 [BasicRepositoryConnector-binrepo.poupex.com.br-0-4] INFO  o.e.m.c.i.e.AbstractTransferListenerAdapter - Downloading http://binrepo.poupex.com.br/repository/public/org/awaitility/awaitility/4.3.0/awaitility-4.3.0.jar
2026-02-24 15:51:28,536 [BasicRepositoryConnector-binrepo.poupex.com.br-0-3] INFO  o.e.m.c.i.e.AbstractTransferListenerAdapter - Downloading http://binrepo.poupex.com.br/repository/public/org/junit/jupiter/junit-jupiter/6.0.3/junit-jupiter-6.0.3.jar
2026-02-24 15:51:28,540 [BasicRepositoryConnector-binrepo.poupex.com.br-0-2] INFO  o.e.m.c.i.e.AbstractTransferListenerAdapter - Downloaded http://binrepo.poupex.com.br/repository/public/net/minidev/json-smart/2.6.0/json-smart-2.6.0.jar
2026-02-24 15:51:28,546 [BasicRepositoryConnector-binrepo.poupex.com.br-0-4] INFO  o.e.m.c.i.e.AbstractTransferListenerAdapter - Downloaded http://binrepo.poupex.com.br/repository/public/org/awaitility/awaitility/4.3.0/awaitility-4.3.0.jar
2026-02-24 15:51:28,567 [BasicRepositoryConnector-binrepo.poupex.com.br-0-3] INFO  o.e.m.c.i.e.AbstractTransferListenerAdapter - Downloaded http://binrepo.poupex.com.br/repository/public/org/junit/jupiter/junit-jupiter/6.0.3/junit-jupiter-6.0.3.jar
2026-02-24 15:51:28,582 [BasicRepositoryConnector-binrepo.poupex.com.br-0-4] INFO  o.e.m.c.i.e.AbstractTransferListenerAdapter - Downloading http://binrepo.poupex.com.br/repository/public/org/junit/platform/junit-platform-commons/6.0.3/junit-platform-commons-6.0.3.jar
2026-02-24 15:51:28,586 [BasicRepositoryConnector-binrepo.poupex.com.br-0-2] INFO  o.e.m.c.i.e.AbstractTransferListenerAdapter - Downloading http://binrepo.poupex.com.br/repository/public/org/junit/jupiter/junit-jupiter-api/6.0.3/junit-jupiter-api-6.0.3.jar
2026-02-24 15:51:28,596 [BasicRepositoryConnector-binrepo.poupex.com.br-0-3] INFO  o.e.m.c.i.e.AbstractTransferListenerAdapter - Downloading http://binrepo.poupex.com.br/repository/public/org/junit/jupiter/junit-jupiter-params/6.0.3/junit-jupiter-params-6.0.3.jar
2026-02-24 15:51:28,602 [BasicRepositoryConnector-binrepo.poupex.com.br-0-0] INFO  o.e.m.c.i.e.AbstractTransferListenerAdapter - Downloaded http://binrepo.poupex.com.br/repository/public/com/h2database/h2/2.4.240/h2-2.4.240.jar
2026-02-24 15:51:28,631 [BasicRepositoryConnector-binrepo.poupex.com.br-0-0] INFO  o.e.m.c.i.e.AbstractTransferListenerAdapter - Downloading http://binrepo.poupex.com.br/repository/public/org/junit/jupiter/junit-jupiter-engine/6.0.3/junit-jupiter-engine-6.0.3.jar
2026-02-24 15:51:28,644 [BasicRepositoryConnector-binrepo.poupex.com.br-0-4] INFO  o.e.m.c.i.e.AbstractTransferListenerAdapter - Downloaded http://binrepo.poupex.com.br/repository/public/org/junit/platform/junit-platform-commons/6.0.3/junit-platform-commons-6.0.3.jar
2026-02-24 15:51:28,673 [BasicRepositoryConnector-binrepo.poupex.com.br-0-4] INFO  o.e.m.c.i.e.AbstractTransferListenerAdapter - Downloading http://binrepo.poupex.com.br/repository/public/org/junit/platform/junit-platform-engine/6.0.3/junit-platform-engine-6.0.3.jar
2026-02-24 15:51:28,681 [BasicRepositoryConnector-binrepo.poupex.com.br-0-3] INFO  o.e.m.c.i.e.AbstractTransferListenerAdapter - Downloaded http://binrepo.poupex.com.br/repository/public/org/junit/jupiter/junit-jupiter-params/6.0.3/junit-jupiter-params-6.0.3.jar
2026-02-24 15:51:28,714 [BasicRepositoryConnector-binrepo.poupex.com.br-0-3] INFO  o.e.m.c.i.e.AbstractTransferListenerAdapter - Downloading http://binrepo.poupex.com.br/repository/public/org/mockito/mockito-core/5.20.0/mockito-core-5.20.0.jar
2026-02-24 15:51:28,725 [BasicRepositoryConnector-binrepo.poupex.com.br-0-0] INFO  o.e.m.c.i.e.AbstractTransferListenerAdapter - Downloaded http://binrepo.poupex.com.br/repository/public/org/junit/jupiter/junit-jupiter-engine/6.0.3/junit-jupiter-engine-6.0.3.jar
2026-02-24 15:51:28,752 [BasicRepositoryConnector-binrepo.poupex.com.br-0-0] INFO  o.e.m.c.i.e.AbstractTransferListenerAdapter - Downloading http://binrepo.poupex.com.br/repository/public/org/objenesis/objenesis/3.3/objenesis-3.3.jar
2026-02-24 15:51:28,754 [BasicRepositoryConnector-binrepo.poupex.com.br-0-4] INFO  o.e.m.c.i.e.AbstractTransferListenerAdapter - Downloaded http://binrepo.poupex.com.br/repository/public/org/junit/platform/junit-platform-engine/6.0.3/junit-platform-engine-6.0.3.jar
2026-02-24 15:51:28,786 [BasicRepositoryConnector-binrepo.poupex.com.br-0-4] INFO  o.e.m.c.i.e.AbstractTransferListenerAdapter - Downloading http://binrepo.poupex.com.br/repository/public/org/mockito/mockito-junit-jupiter/5.20.0/mockito-junit-jupiter-5.20.0.jar
2026-02-24 15:51:28,791 [BasicRepositoryConnector-binrepo.poupex.com.br-0-0] INFO  o.e.m.c.i.e.AbstractTransferListenerAdapter - Downloaded http://binrepo.poupex.com.br/repository/public/org/objenesis/objenesis/3.3/objenesis-3.3.jar
2026-02-24 15:51:28,819 [BasicRepositoryConnector-binrepo.poupex.com.br-0-0] INFO  o.e.m.c.i.e.AbstractTransferListenerAdapter - Downloading http://binrepo.poupex.com.br/repository/public/org/springframework/spring-test/7.0.5/spring-test-7.0.5.jar
2026-02-24 15:51:28,822 [BasicRepositoryConnector-binrepo.poupex.com.br-0-4] INFO  o.e.m.c.i.e.AbstractTransferListenerAdapter - Downloaded http://binrepo.poupex.com.br/repository/public/org/mockito/mockito-junit-jupiter/5.20.0/mockito-junit-jupiter-5.20.0.jar
2026-02-24 15:51:28,885 [BasicRepositoryConnector-binrepo.poupex.com.br-0-3] INFO  o.e.m.c.i.e.AbstractTransferListenerAdapter - Downloaded http://binrepo.poupex.com.br/repository/public/org/mockito/mockito-core/5.20.0/mockito-core-5.20.0.jar
2026-02-24 15:51:28,889 [BasicRepositoryConnector-binrepo.poupex.com.br-0-2] INFO  o.e.m.c.i.e.AbstractTransferListenerAdapter - Downloaded http://binrepo.poupex.com.br/repository/public/org/junit/jupiter/junit-jupiter-api/6.0.3/junit-jupiter-api-6.0.3.jar
2026-02-24 15:51:28,898 [BasicRepositoryConnector-binrepo.poupex.com.br-0-4] INFO  o.e.m.c.i.e.AbstractTransferListenerAdapter - Downloading http://binrepo.poupex.com.br/repository/public/org/springframework/boot/spring-boot-starter-jdbc-test/4.0.3/spring-boot-starter-jdbc-test-4.0.3.jar
2026-02-24 15:51:28,965 [BasicRepositoryConnector-binrepo.poupex.com.br-0-3] INFO  o.e.m.c.i.e.AbstractTransferListenerAdapter - Downloading http://binrepo.poupex.com.br/repository/public/org/springframework/boot/spring-boot-jdbc-test/4.0.3/spring-boot-jdbc-test-4.0.3.jar
2026-02-24 15:51:29,001 [BasicRepositoryConnector-binrepo.poupex.com.br-0-2] INFO  o.e.m.c.i.e.AbstractTransferListenerAdapter - Downloading http://binrepo.poupex.com.br/repository/public/org/springframework/boot/spring-boot-data-jpa-test/4.0.3/spring-boot-data-jpa-test-4.0.3.jar
2026-02-24 15:51:29,018 [BasicRepositoryConnector-binrepo.poupex.com.br-0-1] INFO  o.e.m.c.i.e.AbstractTransferListenerAdapter - Downloaded http://binrepo.poupex.com.br/repository/public/org/hibernate/orm/hibernate-core/7.2.4.Final/hibernate-core-7.2.4.Final.jar
2026-02-24 15:51:29,027 [BasicRepositoryConnector-binrepo.poupex.com.br-0-4] INFO  o.e.m.c.i.e.AbstractTransferListenerAdapter - Downloaded http://binrepo.poupex.com.br/repository/public/org/springframework/boot/spring-boot-starter-jdbc-test/4.0.3/spring-boot-starter-jdbc-test-4.0.3.jar
2026-02-24 15:51:29,045 [BasicRepositoryConnector-binrepo.poupex.com.br-0-0] INFO  o.e.m.c.i.e.AbstractTransferListenerAdapter - Downloaded http://binrepo.poupex.com.br/repository/public/org/springframework/spring-test/7.0.5/spring-test-7.0.5.jar
2026-02-24 15:51:29,052 [BasicRepositoryConnector-binrepo.poupex.com.br-0-3] INFO  o.e.m.c.i.e.AbstractTransferListenerAdapter - Downloaded http://binrepo.poupex.com.br/repository/public/org/springframework/boot/spring-boot-jdbc-test/4.0.3/spring-boot-jdbc-test-4.0.3.jar
2026-02-24 15:51:29,055 [BasicRepositoryConnector-binrepo.poupex.com.br-0-4] INFO  o.e.m.c.i.e.AbstractTransferListenerAdapter - Downloading http://binrepo.poupex.com.br/repository/public/org/springframework/boot/spring-boot-starter-webmvc-test/4.0.3/spring-boot-starter-webmvc-test-4.0.3.jar
2026-02-24 15:51:29,074 [BasicRepositoryConnector-binrepo.poupex.com.br-0-0] INFO  o.e.m.c.i.e.AbstractTransferListenerAdapter - Downloading http://binrepo.poupex.com.br/repository/public/org/springframework/boot/spring-boot-starter-jackson-test/4.0.3/spring-boot-starter-jackson-test-4.0.3.jar
2026-02-24 15:51:29,078 [BasicRepositoryConnector-binrepo.poupex.com.br-0-2] INFO  o.e.m.c.i.e.AbstractTransferListenerAdapter - Downloaded http://binrepo.poupex.com.br/repository/public/org/springframework/boot/spring-boot-data-jpa-test/4.0.3/spring-boot-data-jpa-test-4.0.3.jar
2026-02-24 15:51:29,088 [BasicRepositoryConnector-binrepo.poupex.com.br-0-3] INFO  o.e.m.c.i.e.AbstractTransferListenerAdapter - Downloading http://binrepo.poupex.com.br/repository/public/org/springframework/boot/spring-boot-webmvc-test/4.0.3/spring-boot-webmvc-test-4.0.3.jar
2026-02-24 15:51:29,090 [BasicRepositoryConnector-binrepo.poupex.com.br-0-1] INFO  o.e.m.c.i.e.AbstractTransferListenerAdapter - Downloading http://binrepo.poupex.com.br/repository/public/org/springframework/boot/spring-boot-jpa-test/4.0.3/spring-boot-jpa-test-4.0.3.jar
2026-02-24 15:51:29,094 [BasicRepositoryConnector-binrepo.poupex.com.br-0-4] INFO  o.e.m.c.i.e.AbstractTransferListenerAdapter - Downloaded http://binrepo.poupex.com.br/repository/public/org/springframework/boot/spring-boot-starter-webmvc-test/4.0.3/spring-boot-starter-webmvc-test-4.0.3.jar
2026-02-24 15:51:29,107 [BasicRepositoryConnector-binrepo.poupex.com.br-0-2] INFO  o.e.m.c.i.e.AbstractTransferListenerAdapter - Downloading http://binrepo.poupex.com.br/repository/public/org/springframework/boot/spring-boot-web-server/4.0.3/spring-boot-web-server-4.0.3.jar
2026-02-24 15:51:29,110 [BasicRepositoryConnector-binrepo.poupex.com.br-0-0] INFO  o.e.m.c.i.e.AbstractTransferListenerAdapter - Downloaded http://binrepo.poupex.com.br/repository/public/org/springframework/boot/spring-boot-starter-jackson-test/4.0.3/spring-boot-starter-jackson-test-4.0.3.jar
2026-02-24 15:51:29,122 [BasicRepositoryConnector-binrepo.poupex.com.br-0-4] INFO  o.e.m.c.i.e.AbstractTransferListenerAdapter - Downloading http://binrepo.poupex.com.br/repository/public/org/springframework/boot/spring-boot-resttestclient/4.0.3/spring-boot-resttestclient-4.0.3.jar
2026-02-24 15:51:29,156 [BasicRepositoryConnector-binrepo.poupex.com.br-0-4] INFO  o.e.m.c.i.e.AbstractTransferListenerAdapter - Downloaded http://binrepo.poupex.com.br/repository/public/org/springframework/boot/spring-boot-resttestclient/4.0.3/spring-boot-resttestclient-4.0.3.jar
2026-02-24 15:51:29,168 [BasicRepositoryConnector-binrepo.poupex.com.br-0-1] INFO  o.e.m.c.i.e.AbstractTransferListenerAdapter - Downloaded http://binrepo.poupex.com.br/repository/public/org/springframework/boot/spring-boot-jpa-test/4.0.3/spring-boot-jpa-test-4.0.3.jar
2026-02-24 15:51:29,169 [BasicRepositoryConnector-binrepo.poupex.com.br-0-2] INFO  o.e.m.c.i.e.AbstractTransferListenerAdapter - Downloaded http://binrepo.poupex.com.br/repository/public/org/springframework/boot/spring-boot-web-server/4.0.3/spring-boot-web-server-4.0.3.jar
2026-02-24 15:51:29,169 [BasicRepositoryConnector-binrepo.poupex.com.br-0-3] INFO  o.e.m.c.i.e.AbstractTransferListenerAdapter - Downloaded http://binrepo.poupex.com.br/repository/public/org/springframework/boot/spring-boot-webmvc-test/4.0.3/spring-boot-webmvc-test-4.0.3.jar
2026-02-24 15:51:29,627 [Worker-7: Import Getting Started Content] INFO  o.e.m.c.i.e.AbstractTransferListenerAdapter - Downloading http://binrepo.poupex.com.br/repository/public/org/apache/maven/plugins/maven-surefire-plugin/3.5.4/maven-surefire-plugin-3.5.4.pom
2026-02-24 15:51:29,690 [Worker-7: Import Getting Started Content] INFO  o.e.m.c.i.e.AbstractTransferListenerAdapter - Downloaded http://binrepo.poupex.com.br/repository/public/org/apache/maven/plugins/maven-surefire-plugin/3.5.4/maven-surefire-plugin-3.5.4.pom
2026-02-24 15:51:30,813 [Worker-7: Import Getting Started Content] INFO  o.e.m.j.i.AbstractJavaProjectConfigurator - Adding source folder /crud-spring/src/main/java
2026-02-24 15:51:30,814 [Worker-7: Import Getting Started Content] INFO  o.e.m.j.i.AbstractJavaProjectConfigurator - Adding resource folder /crud-spring/src/main/resources
2026-02-24 15:51:30,818 [Worker-7: Import Getting Started Content] INFO  o.e.m.j.i.AbstractJavaProjectConfigurator - Adding resource folder /crud-spring/src/main/resources
2026-02-24 15:51:30,823 [Worker-7: Import Getting Started Content] INFO  o.e.m.j.i.AbstractJavaProjectConfigurator - Adding source folder /crud-spring/src/test/java
2026-02-24 15:51:30,824 [Worker-7: Import Getting Started Content] INFO  o.e.m.j.i.AbstractJavaProjectConfigurator - Adding resource folder /crud-spring/src/test/resources
2026-02-24 15:51:32,124 [Worker-8: Download sources and javadoc] INFO  o.e.m.c.i.e.AbstractTransferListenerAdapter - Downloading http://binrepo.poupex.com.br/repository/public/org/springframework/boot/spring-boot-h2console/4.0.3/spring-boot-h2console-4.0.3-sources.jar
2026-02-24 15:51:32,206 [Worker-8: Download sources and javadoc] INFO  o.e.m.c.i.e.AbstractTransferListenerAdapter - Downloaded http://binrepo.poupex.com.br/repository/public/org/springframework/boot/spring-boot-h2console/4.0.3/spring-boot-h2console-4.0.3-sources.jar
2026-02-24 15:51:32,212 [Worker-8: Download sources and javadoc] INFO  o.e.m.j.internal.DownloadSourcesJob - Downloaded sources for org.springframework.boot:spring-boot-h2console:4.0.3
2026-02-24 15:51:32,450 [Worker-8: Download sources and javadoc] INFO  o.e.m.c.i.e.AbstractTransferListenerAdapter - Downloading http://binrepo.poupex.com.br/repository/public/org/springframework/boot/spring-boot/4.0.3/spring-boot-4.0.3-sources.jar
2026-02-24 15:51:32,833 [Worker-7: Import Getting Started Content] INFO  o.e.m.c.i.p.ProjectConfigurationManager - Imported and configured 1 project(s) in 23 sec
2026-02-24 15:51:32,837 [Worker-7: Import Getting Started Content] INFO  o.e.m.c.i.p.ProjectConfigurationManager - Update started
2026-02-24 15:51:33,000 [Worker-8: Download sources and javadoc] INFO  o.e.m.c.i.e.AbstractTransferListenerAdapter - Downloaded http://binrepo.poupex.com.br/repository/public/org/springframework/boot/spring-boot/4.0.3/spring-boot-4.0.3-sources.jar
2026-02-24 15:51:33,009 [Worker-8: Download sources and javadoc] INFO  o.e.m.j.internal.DownloadSourcesJob - Downloaded sources for org.springframework.boot:spring-boot:4.0.3
2026-02-24 15:51:34,905 [Worker-7: Import Getting Started Content] INFO  o.e.m.c.i.l.LifecycleMappingFactory - Using org.eclipse.m2e.jdt.JarLifecycleMapping lifecycle mapping for MavenProject: com.loiane:crud-spring:0.0.1-SNAPSHOT @ D:\Projetos\crud-angular-spring\crud-spring\pom.xml.
2026-02-24 15:51:34,925 [Worker-8: Download sources and javadoc] INFO  o.e.m.c.i.e.AbstractTransferListenerAdapter - Downloading http://binrepo.poupex.com.br/repository/public/org/springframework/spring-core/7.0.5/spring-core-7.0.5-sources.jar
2026-02-24 15:51:35,696 [Worker-8: Download sources and javadoc] INFO  o.e.m.c.i.e.AbstractTransferListenerAdapter - Downloaded http://binrepo.poupex.com.br/repository/public/org/springframework/spring-core/7.0.5/spring-core-7.0.5-sources.jar
2026-02-24 15:51:35,701 [Worker-8: Download sources and javadoc] INFO  o.e.m.j.internal.DownloadSourcesJob - Downloaded sources for org.springframework:spring-core:7.0.5
2026-02-24 15:51:35,780 [Worker-8: Download sources and javadoc] INFO  o.e.m.c.i.e.AbstractTransferListenerAdapter - Downloading http://binrepo.poupex.com.br/repository/public/commons-logging/commons-logging/1.3.5/commons-logging-1.3.5-sources.jar
2026-02-24 15:51:35,855 [Worker-8: Download sources and javadoc] INFO  o.e.m.c.i.e.AbstractTransferListenerAdapter - Downloaded http://binrepo.poupex.com.br/repository/public/commons-logging/commons-logging/1.3.5/commons-logging-1.3.5-sources.jar
2026-02-24 15:51:35,860 [Worker-8: Download sources and javadoc] INFO  o.e.m.j.internal.DownloadSourcesJob - Downloaded sources for commons-logging:commons-logging:1.3.5
2026-02-24 15:51:35,938 [Worker-8: Download sources and javadoc] INFO  o.e.m.c.i.e.AbstractTransferListenerAdapter - Downloading http://binrepo.poupex.com.br/repository/public/org/jspecify/jspecify/1.0.0/jspecify-1.0.0-sources.jar
2026-02-24 15:51:35,976 [Worker-8: Download sources and javadoc] INFO  o.e.m.c.i.e.AbstractTransferListenerAdapter - Downloaded http://binrepo.poupex.com.br/repository/public/org/jspecify/jspecify/1.0.0/jspecify-1.0.0-sources.jar
2026-02-24 15:51:35,981 [Worker-8: Download sources and javadoc] INFO  o.e.m.j.internal.DownloadSourcesJob - Downloaded sources for org.jspecify:jspecify:1.0.0
2026-02-24 15:51:36,164 [Worker-8: Download sources and javadoc] INFO  o.e.m.c.i.e.AbstractTransferListenerAdapter - Downloading http://binrepo.poupex.com.br/repository/public/org/springframework/spring-context/7.0.5/spring-context-7.0.5-sources.jar
2026-02-24 15:51:36,811 [Worker-8: Download sources and javadoc] INFO  o.e.m.c.i.e.AbstractTransferListenerAdapter - Downloaded http://binrepo.poupex.com.br/repository/public/org/springframework/spring-context/7.0.5/spring-context-7.0.5-sources.jar
2026-02-24 15:51:36,816 [Worker-8: Download sources and javadoc] INFO  o.e.m.j.internal.DownloadSourcesJob - Downloaded sources for org.springframework:spring-context:7.0.5
2026-02-24 15:51:36,961 [Worker-8: Download sources and javadoc] INFO  o.e.m.c.i.e.AbstractTransferListenerAdapter - Downloading http://binrepo.poupex.com.br/repository/public/org/springframework/spring-aop/7.0.5/spring-aop-7.0.5-sources.jar
2026-02-24 15:51:37,037 [Worker-7: Import Getting Started Content] INFO  o.e.m.j.i.AbstractJavaProjectConfigurator - Adding source folder /crud-spring/src/main/java
2026-02-24 15:51:37,037 [Worker-7: Import Getting Started Content] INFO  o.e.m.j.i.AbstractJavaProjectConfigurator - Adding resource folder /crud-spring/src/main/resources
2026-02-24 15:51:37,038 [Worker-7: Import Getting Started Content] INFO  o.e.m.j.i.AbstractJavaProjectConfigurator - Adding resource folder /crud-spring/src/main/resources
2026-02-24 15:51:37,039 [Worker-7: Import Getting Started Content] INFO  o.e.m.j.i.AbstractJavaProjectConfigurator - Adding source folder /crud-spring/src/test/java
2026-02-24 15:51:37,039 [Worker-7: Import Getting Started Content] INFO  o.e.m.j.i.AbstractJavaProjectConfigurator - Adding resource folder /crud-spring/src/test/resources
2026-02-24 15:51:37,289 [Worker-8: Download sources and javadoc] INFO  o.e.m.c.i.e.AbstractTransferListenerAdapter - Downloaded http://binrepo.poupex.com.br/repository/public/org/springframework/spring-aop/7.0.5/spring-aop-7.0.5-sources.jar
2026-02-24 15:51:37,295 [Worker-8: Download sources and javadoc] INFO  o.e.m.j.internal.DownloadSourcesJob - Downloaded sources for org.springframework:spring-aop:7.0.5
2026-02-24 15:51:37,488 [Worker-8: Download sources and javadoc] INFO  o.e.m.c.i.e.AbstractTransferListenerAdapter - Downloading http://binrepo.poupex.com.br/repository/public/org/springframework/spring-beans/7.0.5/spring-beans-7.0.5-sources.jar
2026-02-24 15:51:37,948 [Worker-8: Download sources and javadoc] INFO  o.e.m.c.i.e.AbstractTransferListenerAdapter - Downloaded http://binrepo.poupex.com.br/repository/public/org/springframework/spring-beans/7.0.5/spring-beans-7.0.5-sources.jar
2026-02-24 15:51:37,954 [Worker-8: Download sources and javadoc] INFO  o.e.m.j.internal.DownloadSourcesJob - Downloaded sources for org.springframework:spring-beans:7.0.5
2026-02-24 15:51:38,071 [Worker-8: Download sources and javadoc] INFO  o.e.m.c.i.e.AbstractTransferListenerAdapter - Downloading http://binrepo.poupex.com.br/repository/public/org/springframework/spring-expression/7.0.5/spring-expression-7.0.5-sources.jar
2026-02-24 15:51:38,288 [Worker-8: Download sources and javadoc] INFO  o.e.m.c.i.e.AbstractTransferListenerAdapter - Downloaded http://binrepo.poupex.com.br/repository/public/org/springframework/spring-expression/7.0.5/spring-expression-7.0.5-sources.jar
2026-02-24 15:51:38,293 [Worker-8: Download sources and javadoc] INFO  o.e.m.j.internal.DownloadSourcesJob - Downloaded sources for org.springframework:spring-expression:7.0.5
2026-02-24 15:51:38,321 [Worker-7: Import Getting Started Content] INFO  o.e.m.c.i.p.ProjectConfigurationManager - Update completed for 1 poms: local refresh takes 0,00 sec, refresh facades takes 4,00 sec, update config takes 0,00 sec 
2026-02-24 15:51:38,438 [Worker-8: Download sources and javadoc] INFO  o.e.m.c.i.e.AbstractTransferListenerAdapter - Downloading http://binrepo.poupex.com.br/repository/public/io/micrometer/micrometer-observation/1.16.3/micrometer-observation-1.16.3-sources.jar
2026-02-24 15:51:38,534 [Worker-8: Download sources and javadoc] INFO  o.e.m.c.i.e.AbstractTransferListenerAdapter - Downloaded http://binrepo.poupex.com.br/repository/public/io/micrometer/micrometer-observation/1.16.3/micrometer-observation-1.16.3-sources.jar
2026-02-24 15:51:38,539 [Worker-8: Download sources and javadoc] INFO  o.e.m.j.internal.DownloadSourcesJob - Downloaded sources for io.micrometer:micrometer-observation:1.16.3
2026-02-24 15:51:38,676 [Worker-8: Download sources and javadoc] INFO  o.e.m.c.i.e.AbstractTransferListenerAdapter - Downloading http://binrepo.poupex.com.br/repository/public/io/micrometer/micrometer-commons/1.16.3/micrometer-commons-1.16.3-sources.jar
2026-02-24 15:51:38,952 [Worker-8: Download sources and javadoc] INFO  o.e.m.c.i.e.AbstractTransferListenerAdapter - Downloaded http://binrepo.poupex.com.br/repository/public/io/micrometer/micrometer-commons/1.16.3/micrometer-commons-1.16.3-sources.jar
2026-02-24 15:51:38,958 [Worker-8: Download sources and javadoc] INFO  o.e.m.j.internal.DownloadSourcesJob - Downloaded sources for io.micrometer:micrometer-commons:1.16.3
2026-02-24 15:51:39,113 [Worker-8: Download sources and javadoc] INFO  o.e.m.c.i.e.AbstractTransferListenerAdapter - Downloading http://binrepo.poupex.com.br/repository/public/jakarta/servlet/jakarta.servlet-api/6.1.0/jakarta.servlet-api-6.1.0-sources.jar
2026-02-24 15:51:39,380 [Worker-8: Download sources and javadoc] INFO  o.e.m.c.i.e.AbstractTransferListenerAdapter - Downloaded http://binrepo.poupex.com.br/repository/public/jakarta/servlet/jakarta.servlet-api/6.1.0/jakarta.servlet-api-6.1.0-sources.jar
2026-02-24 15:51:39,386 [Worker-8: Download sources and javadoc] INFO  o.e.m.j.internal.DownloadSourcesJob - Downloaded sources for jakarta.servlet:jakarta.servlet-api:6.1.0
2026-02-24 15:51:39,494 [Worker-8: Download sources and javadoc] INFO  o.e.m.c.i.e.AbstractTransferListenerAdapter - Downloading http://binrepo.poupex.com.br/repository/public/org/springframework/boot/spring-boot-starter-data-jpa/4.0.3/spring-boot-starter-data-jpa-4.0.3-sources.jar
2026-02-24 15:51:39,592 [Worker-8: Download sources and javadoc] INFO  o.e.m.c.i.e.AbstractTransferListenerAdapter - Downloaded http://binrepo.poupex.com.br/repository/public/org/springframework/boot/spring-boot-starter-data-jpa/4.0.3/spring-boot-starter-data-jpa-4.0.3-sources.jar
2026-02-24 15:51:39,597 [Worker-8: Download sources and javadoc] INFO  o.e.m.j.internal.DownloadSourcesJob - Downloaded sources for org.springframework.boot:spring-boot-starter-data-jpa:4.0.3
2026-02-24 15:51:39,711 [Worker-8: Download sources and javadoc] INFO  o.e.m.c.i.e.AbstractTransferListenerAdapter - Downloading http://binrepo.poupex.com.br/repository/public/org/springframework/boot/spring-boot-starter/4.0.3/spring-boot-starter-4.0.3-sources.jar
2026-02-24 15:51:39,808 [Worker-8: Download sources and javadoc] INFO  o.e.m.c.i.e.AbstractTransferListenerAdapter - Downloaded http://binrepo.poupex.com.br/repository/public/org/springframework/boot/spring-boot-starter/4.0.3/spring-boot-starter-4.0.3-sources.jar
2026-02-24 15:51:39,814 [Worker-8: Download sources and javadoc] INFO  o.e.m.j.internal.DownloadSourcesJob - Downloaded sources for org.springframework.boot:spring-boot-starter:4.0.3
2026-02-24 15:51:39,917 [Worker-8: Download sources and javadoc] INFO  o.e.m.c.i.e.AbstractTransferListenerAdapter - Downloading http://binrepo.poupex.com.br/repository/public/org/springframework/boot/spring-boot-starter-logging/4.0.3/spring-boot-starter-logging-4.0.3-sources.jar
2026-02-24 15:51:39,996 [Worker-8: Download sources and javadoc] INFO  o.e.m.c.i.e.AbstractTransferListenerAdapter - Downloaded http://binrepo.poupex.com.br/repository/public/org/springframework/boot/spring-boot-starter-logging/4.0.3/spring-boot-starter-logging-4.0.3-sources.jar
2026-02-24 15:51:40,001 [Worker-8: Download sources and javadoc] INFO  o.e.m.j.internal.DownloadSourcesJob - Downloaded sources for org.springframework.boot:spring-boot-starter-logging:4.0.3
2026-02-24 15:51:40,144 [Worker-8: Download sources and javadoc] INFO  o.e.m.c.i.e.AbstractTransferListenerAdapter - Downloading http://binrepo.poupex.com.br/repository/public/ch/qos/logback/logback-classic/1.5.32/logback-classic-1.5.32-sources.jar
2026-02-24 15:51:40,265 [Worker-4: Building] INFO  o.a.m.s.f.DefaultMavenResourcesFiltering - Copying 1 resource from src\main\resources to target\classes
2026-02-24 15:51:40,293 [Worker-4: Building] INFO  o.a.m.s.f.DefaultMavenResourcesFiltering - Copying 0 resource from src\main\resources to target\classes
2026-02-24 15:51:40,301 [Worker-4: Building] INFO  o.a.m.s.f.DefaultMavenResourcesFiltering - skip non existing resourceDirectory D:\Projetos\crud-angular-spring\crud-spring\src\test\resources
2026-02-24 15:51:40,383 [Worker-8: Download sources and javadoc] INFO  o.e.m.c.i.e.AbstractTransferListenerAdapter - Downloaded http://binrepo.poupex.com.br/repository/public/ch/qos/logback/logback-classic/1.5.32/logback-classic-1.5.32-sources.jar
2026-02-24 15:51:40,389 [Worker-8: Download sources and javadoc] INFO  o.e.m.j.internal.DownloadSourcesJob - Downloaded sources for ch.qos.logback:logback-classic:1.5.32
2026-02-24 15:51:40,543 [Worker-8: Download sources and javadoc] INFO  o.e.m.c.i.e.AbstractTransferListenerAdapter - Downloading http://binrepo.poupex.com.br/repository/public/ch/qos/logback/logback-core/1.5.32/logback-core-1.5.32-sources.jar
2026-02-24 15:51:40,902 [Worker-8: Download sources and javadoc] INFO  o.e.m.c.i.e.AbstractTransferListenerAdapter - Downloaded http://binrepo.poupex.com.br/repository/public/ch/qos/logback/logback-core/1.5.32/logback-core-1.5.32-sources.jar
2026-02-24 15:51:40,908 [Worker-8: Download sources and javadoc] INFO  o.e.m.j.internal.DownloadSourcesJob - Downloaded sources for ch.qos.logback:logback-core:1.5.32
2026-02-24 15:51:41,032 [Worker-8: Download sources and javadoc] INFO  o.e.m.c.i.e.AbstractTransferListenerAdapter - Downloading http://binrepo.poupex.com.br/repository/public/org/apache/logging/log4j/log4j-to-slf4j/2.25.3/log4j-to-slf4j-2.25.3-sources.jar
2026-02-24 15:51:41,125 [Worker-8: Download sources and javadoc] INFO  o.e.m.c.i.e.AbstractTransferListenerAdapter - Downloaded http://binrepo.poupex.com.br/repository/public/org/apache/logging/log4j/log4j-to-slf4j/2.25.3/log4j-to-slf4j-2.25.3-sources.jar
2026-02-24 15:51:41,131 [Worker-8: Download sources and javadoc] INFO  o.e.m.j.internal.DownloadSourcesJob - Downloaded sources for org.apache.logging.log4j:log4j-to-slf4j:2.25.3
2026-02-24 15:51:41,279 [Worker-8: Download sources and javadoc] INFO  o.e.m.c.i.e.AbstractTransferListenerAdapter - Downloading http://binrepo.poupex.com.br/repository/public/org/apache/logging/log4j/log4j-api/2.25.3/log4j-api-2.25.3-sources.jar
2026-02-24 15:51:41,497 [Worker-8: Download sources and javadoc] INFO  o.e.m.c.i.e.AbstractTransferListenerAdapter - Downloaded http://binrepo.poupex.com.br/repository/public/org/apache/logging/log4j/log4j-api/2.25.3/log4j-api-2.25.3-sources.jar
2026-02-24 15:51:41,501 [Worker-8: Download sources and javadoc] INFO  o.e.m.j.internal.DownloadSourcesJob - Downloaded sources for org.apache.logging.log4j:log4j-api:2.25.3
2026-02-24 15:51:41,575 [Worker-8: Download sources and javadoc] INFO  o.e.m.c.i.e.AbstractTransferListenerAdapter - Downloading http://binrepo.poupex.com.br/repository/public/jakarta/annotation/jakarta.annotation-api/3.0.0/jakarta.annotation-api-3.0.0-sources.jar
2026-02-24 15:51:41,631 [Worker-8: Download sources and javadoc] INFO  o.e.m.c.i.e.AbstractTransferListenerAdapter - Downloaded http://binrepo.poupex.com.br/repository/public/jakarta/annotation/jakarta.annotation-api/3.0.0/jakarta.annotation-api-3.0.0-sources.jar
2026-02-24 15:51:41,634 [Worker-8: Download sources and javadoc] INFO  o.e.m.j.internal.DownloadSourcesJob - Downloaded sources for jakarta.annotation:jakarta.annotation-api:3.0.0
2026-02-24 15:51:41,698 [Worker-8: Download sources and javadoc] INFO  o.e.m.c.i.e.AbstractTransferListenerAdapter - Downloading http://binrepo.poupex.com.br/repository/public/org/yaml/snakeyaml/2.5/snakeyaml-2.5-sources.jar
2026-02-24 15:51:41,949 [Worker-8: Download sources and javadoc] INFO  o.e.m.c.i.e.AbstractTransferListenerAdapter - Downloaded http://binrepo.poupex.com.br/repository/public/org/yaml/snakeyaml/2.5/snakeyaml-2.5-sources.jar
2026-02-24 15:51:41,952 [Worker-8: Download sources and javadoc] INFO  o.e.m.j.internal.DownloadSourcesJob - Downloaded sources for org.yaml:snakeyaml:2.5
2026-02-24 15:51:42,057 [Worker-8: Download sources and javadoc] INFO  o.e.m.c.i.e.AbstractTransferListenerAdapter - Downloading http://binrepo.poupex.com.br/repository/public/org/springframework/boot/spring-boot-starter-jdbc/4.0.3/spring-boot-starter-jdbc-4.0.3-sources.jar
2026-02-24 15:51:42,160 [Worker-8: Download sources and javadoc] INFO  o.e.m.c.i.e.AbstractTransferListenerAdapter - Downloaded http://binrepo.poupex.com.br/repository/public/org/springframework/boot/spring-boot-starter-jdbc/4.0.3/spring-boot-starter-jdbc-4.0.3-sources.jar
2026-02-24 15:51:42,165 [Worker-8: Download sources and javadoc] INFO  o.e.m.j.internal.DownloadSourcesJob - Downloaded sources for org.springframework.boot:spring-boot-starter-jdbc:4.0.3
2026-02-24 15:51:42,235 [Worker-8: Download sources and javadoc] INFO  o.e.m.c.i.e.AbstractTransferListenerAdapter - Downloading http://binrepo.poupex.com.br/repository/public/com/zaxxer/HikariCP/7.0.2/HikariCP-7.0.2-sources.jar
2026-02-24 15:51:42,355 [Worker-8: Download sources and javadoc] INFO  o.e.m.c.i.e.AbstractTransferListenerAdapter - Downloaded http://binrepo.poupex.com.br/repository/public/com/zaxxer/HikariCP/7.0.2/HikariCP-7.0.2-sources.jar
2026-02-24 15:51:42,362 [Worker-8: Download sources and javadoc] INFO  o.e.m.j.internal.DownloadSourcesJob - Downloaded sources for com.zaxxer:HikariCP:7.0.2
2026-02-24 15:51:42,482 [Worker-8: Download sources and javadoc] INFO  o.e.m.c.i.e.AbstractTransferListenerAdapter - Downloading http://binrepo.poupex.com.br/repository/public/org/springframework/boot/spring-boot-data-jpa/4.0.3/spring-boot-data-jpa-4.0.3-sources.jar
2026-02-24 15:51:42,573 [Worker-8: Download sources and javadoc] INFO  o.e.m.c.i.e.AbstractTransferListenerAdapter - Downloaded http://binrepo.poupex.com.br/repository/public/org/springframework/boot/spring-boot-data-jpa/4.0.3/spring-boot-data-jpa-4.0.3-sources.jar
2026-02-24 15:51:42,580 [Worker-8: Download sources and javadoc] INFO  o.e.m.j.internal.DownloadSourcesJob - Downloaded sources for org.springframework.boot:spring-boot-data-jpa:4.0.3
2026-02-24 15:51:42,700 [Worker-8: Download sources and javadoc] INFO  o.e.m.c.i.e.AbstractTransferListenerAdapter - Downloading http://binrepo.poupex.com.br/repository/public/org/springframework/boot/spring-boot-data-commons/4.0.3/spring-boot-data-commons-4.0.3-sources.jar
2026-02-24 15:51:42,805 [Worker-8: Download sources and javadoc] INFO  o.e.m.c.i.e.AbstractTransferListenerAdapter - Downloaded http://binrepo.poupex.com.br/repository/public/org/springframework/boot/spring-boot-data-commons/4.0.3/spring-boot-data-commons-4.0.3-sources.jar
2026-02-24 15:51:42,809 [Worker-8: Download sources and javadoc] INFO  o.e.m.j.internal.DownloadSourcesJob - Downloaded sources for org.springframework.boot:spring-boot-data-commons:4.0.3
2026-02-24 15:51:42,927 [Worker-8: Download sources and javadoc] INFO  o.e.m.c.i.e.AbstractTransferListenerAdapter - Downloading http://binrepo.poupex.com.br/repository/public/org/springframework/boot/spring-boot-persistence/4.0.3/spring-boot-persistence-4.0.3-sources.jar
2026-02-24 15:51:43,037 [Worker-8: Download sources and javadoc] INFO  o.e.m.c.i.e.AbstractTransferListenerAdapter - Downloaded http://binrepo.poupex.com.br/repository/public/org/springframework/boot/spring-boot-persistence/4.0.3/spring-boot-persistence-4.0.3-sources.jar
2026-02-24 15:51:43,043 [Worker-8: Download sources and javadoc] INFO  o.e.m.j.internal.DownloadSourcesJob - Downloaded sources for org.springframework.boot:spring-boot-persistence:4.0.3
2026-02-24 15:51:43,327 [Worker-8: Download sources and javadoc] INFO  o.e.m.c.i.e.AbstractTransferListenerAdapter - Downloading http://binrepo.poupex.com.br/repository/public/org/springframework/data/spring-data-commons/4.0.3/spring-data-commons-4.0.3-sources.jar
2026-02-24 15:51:43,866 [Worker-8: Download sources and javadoc] INFO  o.e.m.c.i.e.AbstractTransferListenerAdapter - Downloaded http://binrepo.poupex.com.br/repository/public/org/springframework/data/spring-data-commons/4.0.3/spring-data-commons-4.0.3-sources.jar
2026-02-24 15:51:43,869 [Worker-8: Download sources and javadoc] INFO  o.e.m.j.internal.DownloadSourcesJob - Downloaded sources for org.springframework.data:spring-data-commons:4.0.3
2026-02-24 15:51:43,991 [Worker-8: Download sources and javadoc] INFO  o.e.m.c.i.e.AbstractTransferListenerAdapter - Downloading http://binrepo.poupex.com.br/repository/public/org/springframework/boot/spring-boot-hibernate/4.0.3/spring-boot-hibernate-4.0.3-sources.jar
2026-02-24 15:51:44,085 [Worker-8: Download sources and javadoc] INFO  o.e.m.c.i.e.AbstractTransferListenerAdapter - Downloaded http://binrepo.poupex.com.br/repository/public/org/springframework/boot/spring-boot-hibernate/4.0.3/spring-boot-hibernate-4.0.3-sources.jar
2026-02-24 15:51:44,090 [Worker-8: Download sources and javadoc] INFO  o.e.m.j.internal.DownloadSourcesJob - Downloaded sources for org.springframework.boot:spring-boot-hibernate:4.0.3
2026-02-24 15:51:44,204 [Worker-8: Download sources and javadoc] INFO  o.e.m.c.i.e.AbstractTransferListenerAdapter - Downloading http://binrepo.poupex.com.br/repository/public/org/springframework/boot/spring-boot-jpa/4.0.3/spring-boot-jpa-4.0.3-sources.jar
2026-02-24 15:51:44,278 [Worker-8: Download sources and javadoc] INFO  o.e.m.c.i.e.AbstractTransferListenerAdapter - Downloaded http://binrepo.poupex.com.br/repository/public/org/springframework/boot/spring-boot-jpa/4.0.3/spring-boot-jpa-4.0.3-sources.jar
2026-02-24 15:51:44,281 [Worker-8: Download sources and javadoc] INFO  o.e.m.j.internal.DownloadSourcesJob - Downloaded sources for org.springframework.boot:spring-boot-jpa:4.0.3
2026-02-24 15:51:44,359 [Worker-8: Download sources and javadoc] INFO  o.e.m.c.i.e.AbstractTransferListenerAdapter - Downloading http://binrepo.poupex.com.br/repository/public/jakarta/persistence/jakarta.persistence-api/3.2.0/jakarta.persistence-api-3.2.0-sources.jar
2026-02-24 15:51:44,564 [Worker-8: Download sources and javadoc] INFO  o.e.m.c.i.e.AbstractTransferListenerAdapter - Downloaded http://binrepo.poupex.com.br/repository/public/jakarta/persistence/jakarta.persistence-api/3.2.0/jakarta.persistence-api-3.2.0-sources.jar
2026-02-24 15:51:44,569 [Worker-8: Download sources and javadoc] INFO  o.e.m.j.internal.DownloadSourcesJob - Downloaded sources for jakarta.persistence:jakarta.persistence-api:3.2.0
2026-02-24 15:51:44,968 [Worker-8: Download sources and javadoc] INFO  o.e.m.c.i.e.AbstractTransferListenerAdapter - Downloading http://binrepo.poupex.com.br/repository/public/org/hibernate/orm/hibernate-core/7.2.4.Final/hibernate-core-7.2.4.Final-sources.jar
2026-02-24 15:51:48,352 [Worker-8: Download sources and javadoc] INFO  o.e.m.c.i.e.AbstractTransferListenerAdapter - Downloaded http://binrepo.poupex.com.br/repository/public/org/hibernate/orm/hibernate-core/7.2.4.Final/hibernate-core-7.2.4.Final-sources.jar
2026-02-24 15:51:48,358 [Worker-8: Download sources and javadoc] INFO  o.e.m.j.internal.DownloadSourcesJob - Downloaded sources for org.hibernate.orm:hibernate-core:7.2.4.Final
2026-02-24 15:51:48,602 [Worker-8: Download sources and javadoc] INFO  o.e.m.c.i.e.AbstractTransferListenerAdapter - Downloading http://binrepo.poupex.com.br/repository/public/org/jboss/logging/jboss-logging/3.6.2.Final/jboss-logging-3.6.2.Final-sources.jar
2026-02-24 15:51:48,717 [Worker-8: Download sources and javadoc] INFO  o.e.m.c.i.e.AbstractTransferListenerAdapter - Downloaded http://binrepo.poupex.com.br/repository/public/org/jboss/logging/jboss-logging/3.6.2.Final/jboss-logging-3.6.2.Final-sources.jar
2026-02-24 15:51:48,723 [Worker-8: Download sources and javadoc] INFO  o.e.m.j.internal.DownloadSourcesJob - Downloaded sources for org.jboss.logging:jboss-logging:3.6.2.Final
2026-02-24 15:51:48,834 [Worker-8: Download sources and javadoc] INFO  o.e.m.c.i.e.AbstractTransferListenerAdapter - Downloading http://binrepo.poupex.com.br/repository/public/org/hibernate/models/hibernate-models/1.0.1/hibernate-models-1.0.1-sources.jar
2026-02-24 15:51:48,964 [Worker-8: Download sources and javadoc] INFO  o.e.m.c.i.e.AbstractTransferListenerAdapter - Downloaded http://binrepo.poupex.com.br/repository/public/org/hibernate/models/hibernate-models/1.0.1/hibernate-models-1.0.1-sources.jar
2026-02-24 15:51:48,970 [Worker-8: Download sources and javadoc] INFO  o.e.m.j.internal.DownloadSourcesJob - Downloaded sources for org.hibernate.models:hibernate-models:1.0.1
2026-02-24 15:51:49,114 [Worker-8: Download sources and javadoc] INFO  o.e.m.c.i.e.AbstractTransferListenerAdapter - Downloading http://binrepo.poupex.com.br/repository/public/com/fasterxml/classmate/1.7.3/classmate-1.7.3-sources.jar
2026-02-24 15:51:49,220 [Worker-8: Download sources and javadoc] INFO  o.e.m.c.i.e.AbstractTransferListenerAdapter - Downloaded http://binrepo.poupex.com.br/repository/public/com/fasterxml/classmate/1.7.3/classmate-1.7.3-sources.jar
2026-02-24 15:51:49,225 [Worker-8: Download sources and javadoc] INFO  o.e.m.j.internal.DownloadSourcesJob - Downloaded sources for com.fasterxml:classmate:1.7.3
2026-02-24 15:51:49,686 [Worker-8: Download sources and javadoc] INFO  o.e.m.c.i.e.AbstractTransferListenerAdapter - Downloading http://binrepo.poupex.com.br/repository/public/org/springframework/spring-orm/7.0.5/spring-orm-7.0.5-sources.jar
2026-02-24 15:51:49,813 [Worker-8: Download sources and javadoc] INFO  o.e.m.c.i.e.AbstractTransferListenerAdapter - Downloaded http://binrepo.poupex.com.br/repository/public/org/springframework/spring-orm/7.0.5/spring-orm-7.0.5-sources.jar
2026-02-24 15:51:49,818 [Worker-8: Download sources and javadoc] INFO  o.e.m.j.internal.DownloadSourcesJob - Downloaded sources for org.springframework:spring-orm:7.0.5
2026-02-24 15:51:50,003 [Worker-8: Download sources and javadoc] INFO  o.e.m.c.i.e.AbstractTransferListenerAdapter - Downloading http://binrepo.poupex.com.br/repository/public/org/springframework/data/spring-data-jpa/4.0.3/spring-data-jpa-4.0.3-sources.jar
2026-02-24 15:51:50,495 [Worker-8: Download sources and javadoc] INFO  o.e.m.c.i.e.AbstractTransferListenerAdapter - Downloaded http://binrepo.poupex.com.br/repository/public/org/springframework/data/spring-data-jpa/4.0.3/spring-data-jpa-4.0.3-sources.jar
2026-02-24 15:51:50,501 [Worker-8: Download sources and javadoc] INFO  o.e.m.j.internal.DownloadSourcesJob - Downloaded sources for org.springframework.data:spring-data-jpa:4.0.3
2026-02-24 15:51:50,650 [Worker-8: Download sources and javadoc] INFO  o.e.m.c.i.e.AbstractTransferListenerAdapter - Downloading http://binrepo.poupex.com.br/repository/public/org/springframework/spring-tx/7.0.5/spring-tx-7.0.5-sources.jar
2026-02-24 15:51:50,907 [Worker-8: Download sources and javadoc] INFO  o.e.m.c.i.e.AbstractTransferListenerAdapter - Downloaded http://binrepo.poupex.com.br/repository/public/org/springframework/spring-tx/7.0.5/spring-tx-7.0.5-sources.jar
2026-02-24 15:51:50,911 [Worker-8: Download sources and javadoc] INFO  o.e.m.j.internal.DownloadSourcesJob - Downloaded sources for org.springframework:spring-tx:7.0.5
2026-02-24 15:51:50,979 [Worker-8: Download sources and javadoc] INFO  o.e.m.c.i.e.AbstractTransferListenerAdapter - Downloading http://binrepo.poupex.com.br/repository/public/org/antlr/antlr4-runtime/4.13.2/antlr4-runtime-4.13.2-sources.jar
2026-02-24 15:51:51,180 [Worker-8: Download sources and javadoc] INFO  o.e.m.c.i.e.AbstractTransferListenerAdapter - Downloaded http://binrepo.poupex.com.br/repository/public/org/antlr/antlr4-runtime/4.13.2/antlr4-runtime-4.13.2-sources.jar
2026-02-24 15:51:51,185 [Worker-8: Download sources and javadoc] INFO  o.e.m.j.internal.DownloadSourcesJob - Downloaded sources for org.antlr:antlr4-runtime:4.13.2
2026-02-24 15:51:51,305 [Worker-8: Download sources and javadoc] INFO  o.e.m.c.i.e.AbstractTransferListenerAdapter - Downloading http://binrepo.poupex.com.br/repository/public/org/springframework/spring-aspects/7.0.5/spring-aspects-7.0.5-sources.jar
2026-02-24 15:51:51,390 [Worker-8: Download sources and javadoc] INFO  o.e.m.c.i.e.AbstractTransferListenerAdapter - Downloaded http://binrepo.poupex.com.br/repository/public/org/springframework/spring-aspects/7.0.5/spring-aspects-7.0.5-sources.jar
2026-02-24 15:51:51,394 [Worker-8: Download sources and javadoc] INFO  o.e.m.j.internal.DownloadSourcesJob - Downloaded sources for org.springframework:spring-aspects:7.0.5
2026-02-24 15:51:51,599 [Worker-8: Download sources and javadoc] INFO  o.e.m.c.i.e.AbstractTransferListenerAdapter - Downloading http://binrepo.poupex.com.br/repository/public/org/aspectj/aspectjweaver/1.9.25.1/aspectjweaver-1.9.25.1-sources.jar
2026-02-24 15:51:52,123 [Worker-8: Download sources and javadoc] INFO  o.e.m.c.i.e.AbstractTransferListenerAdapter - Downloaded http://binrepo.poupex.com.br/repository/public/org/aspectj/aspectjweaver/1.9.25.1/aspectjweaver-1.9.25.1-sources.jar
2026-02-24 15:51:52,126 [Worker-8: Download sources and javadoc] INFO  o.e.m.j.internal.DownloadSourcesJob - Downloaded sources for org.aspectj:aspectjweaver:1.9.25.1
2026-02-24 15:51:52,260 [Worker-8: Download sources and javadoc] INFO  o.e.m.c.i.e.AbstractTransferListenerAdapter - Downloading http://binrepo.poupex.com.br/repository/public/org/springframework/boot/spring-boot-jdbc/4.0.3/spring-boot-jdbc-4.0.3-sources.jar
2026-02-24 15:51:52,423 [Worker-8: Download sources and javadoc] INFO  o.e.m.c.i.e.AbstractTransferListenerAdapter - Downloaded http://binrepo.poupex.com.br/repository/public/org/springframework/boot/spring-boot-jdbc/4.0.3/spring-boot-jdbc-4.0.3-sources.jar
2026-02-24 15:51:52,428 [Worker-8: Download sources and javadoc] INFO  o.e.m.j.internal.DownloadSourcesJob - Downloaded sources for org.springframework.boot:spring-boot-jdbc:4.0.3
2026-02-24 15:51:52,576 [Worker-8: Download sources and javadoc] INFO  o.e.m.c.i.e.AbstractTransferListenerAdapter - Downloading http://binrepo.poupex.com.br/repository/public/org/springframework/boot/spring-boot-sql/4.0.3/spring-boot-sql-4.0.3-sources.jar
2026-02-24 15:51:52,659 [Worker-8: Download sources and javadoc] INFO  o.e.m.c.i.e.AbstractTransferListenerAdapter - Downloaded http://binrepo.poupex.com.br/repository/public/org/springframework/boot/spring-boot-sql/4.0.3/spring-boot-sql-4.0.3-sources.jar
2026-02-24 15:51:52,662 [Worker-8: Download sources and javadoc] INFO  o.e.m.j.internal.DownloadSourcesJob - Downloaded sources for org.springframework.boot:spring-boot-sql:4.0.3
2026-02-24 15:51:52,948 [Worker-8: Download sources and javadoc] INFO  o.e.m.c.i.e.AbstractTransferListenerAdapter - Downloading http://binrepo.poupex.com.br/repository/public/org/springframework/boot/spring-boot-transaction/4.0.3/spring-boot-transaction-4.0.3-sources.jar
2026-02-24 15:51:53,213 [Worker-8: Download sources and javadoc] INFO  o.e.m.c.i.e.AbstractTransferListenerAdapter - Downloaded http://binrepo.poupex.com.br/repository/public/org/springframework/boot/spring-boot-transaction/4.0.3/spring-boot-transaction-4.0.3-sources.jar
2026-02-24 15:51:53,216 [Worker-8: Download sources and javadoc] INFO  o.e.m.j.internal.DownloadSourcesJob - Downloaded sources for org.springframework.boot:spring-boot-transaction:4.0.3
2026-02-24 15:51:53,361 [Worker-8: Download sources and javadoc] INFO  o.e.m.c.i.e.AbstractTransferListenerAdapter - Downloading http://binrepo.poupex.com.br/repository/public/org/springframework/spring-jdbc/7.0.5/spring-jdbc-7.0.5-sources.jar
2026-02-24 15:51:53,700 [Worker-8: Download sources and javadoc] INFO  o.e.m.c.i.e.AbstractTransferListenerAdapter - Downloaded http://binrepo.poupex.com.br/repository/public/org/springframework/spring-jdbc/7.0.5/spring-jdbc-7.0.5-sources.jar
2026-02-24 15:51:53,704 [Worker-8: Download sources and javadoc] INFO  o.e.m.j.internal.DownloadSourcesJob - Downloaded sources for org.springframework:spring-jdbc:7.0.5
2026-02-24 15:51:53,808 [Worker-8: Download sources and javadoc] INFO  o.e.m.c.i.e.AbstractTransferListenerAdapter - Downloading http://binrepo.poupex.com.br/repository/public/org/springframework/boot/spring-boot-starter-webmvc/4.0.3/spring-boot-starter-webmvc-4.0.3-sources.jar
2026-02-24 15:51:53,884 [Worker-8: Download sources and javadoc] INFO  o.e.m.c.i.e.AbstractTransferListenerAdapter - Downloaded http://binrepo.poupex.com.br/repository/public/org/springframework/boot/spring-boot-starter-webmvc/4.0.3/spring-boot-starter-webmvc-4.0.3-sources.jar
2026-02-24 15:51:53,896 [Worker-8: Download sources and javadoc] INFO  o.e.m.j.internal.DownloadSourcesJob - Downloaded sources for org.springframework.boot:spring-boot-starter-webmvc:4.0.3
2026-02-24 15:51:54,004 [Worker-8: Download sources and javadoc] INFO  o.e.m.c.i.e.AbstractTransferListenerAdapter - Downloading http://binrepo.poupex.com.br/repository/public/org/springframework/boot/spring-boot-starter-jackson/4.0.3/spring-boot-starter-jackson-4.0.3-sources.jar
2026-02-24 15:51:54,074 [Worker-8: Download sources and javadoc] INFO  o.e.m.c.i.e.AbstractTransferListenerAdapter - Downloaded http://binrepo.poupex.com.br/repository/public/org/springframework/boot/spring-boot-starter-jackson/4.0.3/spring-boot-starter-jackson-4.0.3-sources.jar
2026-02-24 15:51:54,077 [Worker-8: Download sources and javadoc] INFO  o.e.m.j.internal.DownloadSourcesJob - Downloaded sources for org.springframework.boot:spring-boot-starter-jackson:4.0.3
2026-02-24 15:51:54,201 [Worker-8: Download sources and javadoc] INFO  o.e.m.c.i.e.AbstractTransferListenerAdapter - Downloading http://binrepo.poupex.com.br/repository/public/org/springframework/boot/spring-boot-jackson/4.0.3/spring-boot-jackson-4.0.3-sources.jar
2026-02-24 15:51:54,276 [Worker-8: Download sources and javadoc] INFO  o.e.m.c.i.e.AbstractTransferListenerAdapter - Downloaded http://binrepo.poupex.com.br/repository/public/org/springframework/boot/spring-boot-jackson/4.0.3/spring-boot-jackson-4.0.3-sources.jar
2026-02-24 15:51:54,280 [Worker-8: Download sources and javadoc] INFO  o.e.m.j.internal.DownloadSourcesJob - Downloaded sources for org.springframework.boot:spring-boot-jackson:4.0.3
2026-02-24 15:51:54,449 [Worker-8: Download sources and javadoc] INFO  o.e.m.c.i.e.AbstractTransferListenerAdapter - Downloading http://binrepo.poupex.com.br/repository/public/tools/jackson/core/jackson-databind/3.0.4/jackson-databind-3.0.4-sources.jar
2026-02-24 15:51:55,036 [Worker-8: Download sources and javadoc] INFO  o.e.m.c.i.e.AbstractTransferListenerAdapter - Downloaded http://binrepo.poupex.com.br/repository/public/tools/jackson/core/jackson-databind/3.0.4/jackson-databind-3.0.4-sources.jar
2026-02-24 15:51:55,039 [Worker-8: Download sources and javadoc] INFO  o.e.m.j.internal.DownloadSourcesJob - Downloaded sources for tools.jackson.core:jackson-databind:3.0.4
2026-02-24 15:51:55,124 [Worker-8: Download sources and javadoc] INFO  o.e.m.c.i.e.AbstractTransferListenerAdapter - Downloading http://binrepo.poupex.com.br/repository/public/com/fasterxml/jackson/core/jackson-annotations/2.20/jackson-annotations-2.20-sources.jar
2026-02-24 15:51:55,189 [Worker-8: Download sources and javadoc] INFO  o.e.m.c.i.e.AbstractTransferListenerAdapter - Downloaded http://binrepo.poupex.com.br/repository/public/com/fasterxml/jackson/core/jackson-annotations/2.20/jackson-annotations-2.20-sources.jar
2026-02-24 15:51:55,192 [Worker-8: Download sources and javadoc] INFO  o.e.m.j.internal.DownloadSourcesJob - Downloaded sources for com.fasterxml.jackson.core:jackson-annotations:2.20
2026-02-24 15:51:55,324 [Worker-8: Download sources and javadoc] INFO  o.e.m.c.i.e.AbstractTransferListenerAdapter - Downloading http://binrepo.poupex.com.br/repository/public/tools/jackson/core/jackson-core/3.0.4/jackson-core-3.0.4-sources.jar
2026-02-24 15:51:55,611 [Worker-8: Download sources and javadoc] INFO  o.e.m.c.i.e.AbstractTransferListenerAdapter - Downloaded http://binrepo.poupex.com.br/repository/public/tools/jackson/core/jackson-core/3.0.4/jackson-core-3.0.4-sources.jar
2026-02-24 15:51:55,614 [Worker-8: Download sources and javadoc] INFO  o.e.m.j.internal.DownloadSourcesJob - Downloaded sources for tools.jackson.core:jackson-core:3.0.4
2026-02-24 15:51:55,730 [Worker-8: Download sources and javadoc] INFO  o.e.m.c.i.e.AbstractTransferListenerAdapter - Downloading http://binrepo.poupex.com.br/repository/public/org/springframework/boot/spring-boot-starter-tomcat/4.0.3/spring-boot-starter-tomcat-4.0.3-sources.jar
2026-02-24 15:51:55,819 [Worker-8: Download sources and javadoc] INFO  o.e.m.c.i.e.AbstractTransferListenerAdapter - Downloaded http://binrepo.poupex.com.br/repository/public/org/springframework/boot/spring-boot-starter-tomcat/4.0.3/spring-boot-starter-tomcat-4.0.3-sources.jar
2026-02-24 15:51:55,822 [Worker-8: Download sources and javadoc] INFO  o.e.m.j.internal.DownloadSourcesJob - Downloaded sources for org.springframework.boot:spring-boot-starter-tomcat:4.0.3
2026-02-24 15:51:55,925 [Worker-8: Download sources and javadoc] INFO  o.e.m.c.i.e.AbstractTransferListenerAdapter - Downloading http://binrepo.poupex.com.br/repository/public/org/springframework/boot/spring-boot-starter-tomcat-runtime/4.0.3/spring-boot-starter-tomcat-runtime-4.0.3-sources.jar
2026-02-24 15:51:56,022 [Worker-8: Download sources and javadoc] INFO  o.e.m.c.i.e.AbstractTransferListenerAdapter - Downloaded http://binrepo.poupex.com.br/repository/public/org/springframework/boot/spring-boot-starter-tomcat-runtime/4.0.3/spring-boot-starter-tomcat-runtime-4.0.3-sources.jar
2026-02-24 15:51:56,026 [Worker-8: Download sources and javadoc] INFO  o.e.m.j.internal.DownloadSourcesJob - Downloaded sources for org.springframework.boot:spring-boot-starter-tomcat-runtime:4.0.3
2026-02-24 15:51:56,291 [Worker-8: Download sources and javadoc] INFO  o.e.m.c.i.e.AbstractTransferListenerAdapter - Downloading http://binrepo.poupex.com.br/repository/public/org/apache/tomcat/embed/tomcat-embed-core/11.0.18/tomcat-embed-core-11.0.18-sources.jar
2026-02-24 15:51:57,479 [Worker-8: Download sources and javadoc] INFO  o.e.m.c.i.e.AbstractTransferListenerAdapter - Downloaded http://binrepo.poupex.com.br/repository/public/org/apache/tomcat/embed/tomcat-embed-core/11.0.18/tomcat-embed-core-11.0.18-sources.jar
2026-02-24 15:51:57,483 [Worker-8: Download sources and javadoc] INFO  o.e.m.j.internal.DownloadSourcesJob - Downloaded sources for org.apache.tomcat.embed:tomcat-embed-core:11.0.18
2026-02-24 15:51:57,608 [Worker-8: Download sources and javadoc] INFO  o.e.m.c.i.e.AbstractTransferListenerAdapter - Downloading http://binrepo.poupex.com.br/repository/public/org/apache/tomcat/embed/tomcat-embed-el/11.0.18/tomcat-embed-el-11.0.18-sources.jar
2026-02-24 15:51:57,785 [Worker-8: Download sources and javadoc] INFO  o.e.m.c.i.e.AbstractTransferListenerAdapter - Downloaded http://binrepo.poupex.com.br/repository/public/org/apache/tomcat/embed/tomcat-embed-el/11.0.18/tomcat-embed-el-11.0.18-sources.jar
2026-02-24 15:51:57,789 [Worker-8: Download sources and javadoc] INFO  o.e.m.j.internal.DownloadSourcesJob - Downloaded sources for org.apache.tomcat.embed:tomcat-embed-el:11.0.18
2026-02-24 15:51:57,938 [Worker-8: Download sources and javadoc] INFO  o.e.m.c.i.e.AbstractTransferListenerAdapter - Downloading http://binrepo.poupex.com.br/repository/public/org/apache/tomcat/embed/tomcat-embed-websocket/11.0.18/tomcat-embed-websocket-11.0.18-sources.jar
2026-02-24 15:51:58,121 [Worker-8: Download sources and javadoc] INFO  o.e.m.c.i.e.AbstractTransferListenerAdapter - Downloaded http://binrepo.poupex.com.br/repository/public/org/apache/tomcat/embed/tomcat-embed-websocket/11.0.18/tomcat-embed-websocket-11.0.18-sources.jar
2026-02-24 15:51:58,126 [Worker-8: Download sources and javadoc] INFO  o.e.m.j.internal.DownloadSourcesJob - Downloaded sources for org.apache.tomcat.embed:tomcat-embed-websocket:11.0.18
2026-02-24 15:51:58,286 [Worker-8: Download sources and javadoc] INFO  o.e.m.c.i.e.AbstractTransferListenerAdapter - Downloading http://binrepo.poupex.com.br/repository/public/org/springframework/boot/spring-boot-tomcat/4.0.3/spring-boot-tomcat-4.0.3-sources.jar
2026-02-24 15:51:58,378 [Worker-8: Download sources and javadoc] INFO  o.e.m.c.i.e.AbstractTransferListenerAdapter - Downloaded http://binrepo.poupex.com.br/repository/public/org/springframework/boot/spring-boot-tomcat/4.0.3/spring-boot-tomcat-4.0.3-sources.jar
2026-02-24 15:51:58,383 [Worker-8: Download sources and javadoc] INFO  o.e.m.j.internal.DownloadSourcesJob - Downloaded sources for org.springframework.boot:spring-boot-tomcat:4.0.3
2026-02-24 15:51:58,498 [Worker-8: Download sources and javadoc] INFO  o.e.m.c.i.e.AbstractTransferListenerAdapter - Downloading http://binrepo.poupex.com.br/repository/public/org/springframework/boot/spring-boot-http-converter/4.0.3/spring-boot-http-converter-4.0.3-sources.jar
2026-02-24 15:51:58,585 [Worker-8: Download sources and javadoc] INFO  o.e.m.c.i.e.AbstractTransferListenerAdapter - Downloaded http://binrepo.poupex.com.br/repository/public/org/springframework/boot/spring-boot-http-converter/4.0.3/spring-boot-http-converter-4.0.3-sources.jar
2026-02-24 15:51:58,588 [Worker-8: Download sources and javadoc] INFO  o.e.m.j.internal.DownloadSourcesJob - Downloaded sources for org.springframework.boot:spring-boot-http-converter:4.0.3
2026-02-24 15:51:58,840 [Worker-8: Download sources and javadoc] INFO  o.e.m.c.i.e.AbstractTransferListenerAdapter - Downloading http://binrepo.poupex.com.br/repository/public/org/springframework/spring-web/7.0.5/spring-web-7.0.5-sources.jar
2026-02-24 15:51:59,741 [Worker-8: Download sources and javadoc] INFO  o.e.m.c.i.e.AbstractTransferListenerAdapter - Downloaded http://binrepo.poupex.com.br/repository/public/org/springframework/spring-web/7.0.5/spring-web-7.0.5-sources.jar
2026-02-24 15:51:59,743 [Worker-8: Download sources and javadoc] INFO  o.e.m.j.internal.DownloadSourcesJob - Downloaded sources for org.springframework:spring-web:7.0.5
2026-02-24 15:51:59,868 [Worker-8: Download sources and javadoc] INFO  o.e.m.c.i.e.AbstractTransferListenerAdapter - Downloading http://binrepo.poupex.com.br/repository/public/org/springframework/boot/spring-boot-webmvc/4.0.3/spring-boot-webmvc-4.0.3-sources.jar
2026-02-24 15:51:59,953 [Worker-8: Download sources and javadoc] INFO  o.e.m.c.i.e.AbstractTransferListenerAdapter - Downloaded http://binrepo.poupex.com.br/repository/public/org/springframework/boot/spring-boot-webmvc/4.0.3/spring-boot-webmvc-4.0.3-sources.jar
2026-02-24 15:51:59,957 [Worker-8: Download sources and javadoc] INFO  o.e.m.j.internal.DownloadSourcesJob - Downloaded sources for org.springframework.boot:spring-boot-webmvc:4.0.3
2026-02-24 15:52:00,080 [Worker-8: Download sources and javadoc] INFO  o.e.m.c.i.e.AbstractTransferListenerAdapter - Downloading http://binrepo.poupex.com.br/repository/public/org/springframework/boot/spring-boot-servlet/4.0.3/spring-boot-servlet-4.0.3-sources.jar
2026-02-24 15:52:00,165 [Worker-8: Download sources and javadoc] INFO  o.e.m.c.i.e.AbstractTransferListenerAdapter - Downloaded http://binrepo.poupex.com.br/repository/public/org/springframework/boot/spring-boot-servlet/4.0.3/spring-boot-servlet-4.0.3-sources.jar
2026-02-24 15:52:00,168 [Worker-8: Download sources and javadoc] INFO  o.e.m.j.internal.DownloadSourcesJob - Downloaded sources for org.springframework.boot:spring-boot-servlet:4.0.3
2026-02-24 15:52:00,397 [Worker-8: Download sources and javadoc] INFO  o.e.m.c.i.e.AbstractTransferListenerAdapter - Downloading http://binrepo.poupex.com.br/repository/public/org/springframework/spring-webmvc/7.0.5/spring-webmvc-7.0.5-sources.jar
2026-02-24 15:52:00,888 [Worker-8: Download sources and javadoc] INFO  o.e.m.c.i.e.AbstractTransferListenerAdapter - Downloaded http://binrepo.poupex.com.br/repository/public/org/springframework/spring-webmvc/7.0.5/spring-webmvc-7.0.5-sources.jar
2026-02-24 15:52:00,907 [Worker-8: Download sources and javadoc] INFO  o.e.m.j.internal.DownloadSourcesJob - Downloaded sources for org.springframework:spring-webmvc:7.0.5
2026-02-24 15:52:01,023 [Worker-8: Download sources and javadoc] INFO  o.e.m.c.i.e.AbstractTransferListenerAdapter - Downloading http://binrepo.poupex.com.br/repository/public/org/springframework/boot/spring-boot-devtools/4.0.3/spring-boot-devtools-4.0.3-sources.jar
2026-02-24 15:52:01,216 [Worker-8: Download sources and javadoc] INFO  o.e.m.c.i.e.AbstractTransferListenerAdapter - Downloaded http://binrepo.poupex.com.br/repository/public/org/springframework/boot/spring-boot-devtools/4.0.3/spring-boot-devtools-4.0.3-sources.jar
2026-02-24 15:52:01,219 [Worker-8: Download sources and javadoc] INFO  o.e.m.j.internal.DownloadSourcesJob - Downloaded sources for org.springframework.boot:spring-boot-devtools:4.0.3
2026-02-24 15:52:01,319 [Worker-8: Download sources and javadoc] INFO  o.e.m.c.i.e.AbstractTransferListenerAdapter - Downloading http://binrepo.poupex.com.br/repository/public/org/springframework/boot/spring-boot-autoconfigure/4.0.3/spring-boot-autoconfigure-4.0.3-sources.jar
2026-02-24 15:52:01,491 [Worker-8: Download sources and javadoc] INFO  o.e.m.c.i.e.AbstractTransferListenerAdapter - Downloaded http://binrepo.poupex.com.br/repository/public/org/springframework/boot/spring-boot-autoconfigure/4.0.3/spring-boot-autoconfigure-4.0.3-sources.jar
2026-02-24 15:52:01,494 [Worker-8: Download sources and javadoc] INFO  o.e.m.j.internal.DownloadSourcesJob - Downloaded sources for org.springframework.boot:spring-boot-autoconfigure:4.0.3
2026-02-24 15:52:01,693 [Worker-8: Download sources and javadoc] INFO  o.e.m.c.i.e.AbstractTransferListenerAdapter - Downloading http://binrepo.poupex.com.br/repository/public/com/h2database/h2/2.4.240/h2-2.4.240-sources.jar
2026-02-24 15:52:02,653 [Worker-8: Download sources and javadoc] INFO  o.e.m.c.i.e.AbstractTransferListenerAdapter - Downloaded http://binrepo.poupex.com.br/repository/public/com/h2database/h2/2.4.240/h2-2.4.240-sources.jar
2026-02-24 15:52:02,657 [Worker-8: Download sources and javadoc] INFO  o.e.m.j.internal.DownloadSourcesJob - Downloaded sources for com.h2database:h2:2.4.240
2026-02-24 15:52:02,721 [Worker-8: Download sources and javadoc] INFO  o.e.m.c.i.e.AbstractTransferListenerAdapter - Downloading http://binrepo.poupex.com.br/repository/public/org/projectlombok/lombok/1.18.42/lombok-1.18.42-sources.jar
2026-02-24 15:52:03,127 [Worker-8: Download sources and javadoc] INFO  o.e.m.c.i.e.AbstractTransferListenerAdapter - Downloaded http://binrepo.poupex.com.br/repository/public/org/projectlombok/lombok/1.18.42/lombok-1.18.42-sources.jar
2026-02-24 15:52:03,129 [Worker-8: Download sources and javadoc] INFO  o.e.m.j.internal.DownloadSourcesJob - Downloaded sources for org.projectlombok:lombok:1.18.42
2026-02-24 15:52:03,345 [Worker-8: Download sources and javadoc] INFO  o.e.m.c.i.e.AbstractTransferListenerAdapter - Downloading http://binrepo.poupex.com.br/repository/public/org/springframework/boot/spring-boot-starter-data-jpa-test/4.0.3/spring-boot-starter-data-jpa-test-4.0.3-sources.jar
2026-02-24 15:52:03,427 [Worker-8: Download sources and javadoc] INFO  o.e.m.c.i.e.AbstractTransferListenerAdapter - Downloaded http://binrepo.poupex.com.br/repository/public/org/springframework/boot/spring-boot-starter-data-jpa-test/4.0.3/spring-boot-starter-data-jpa-test-4.0.3-sources.jar
2026-02-24 15:52:03,430 [Worker-8: Download sources and javadoc] INFO  o.e.m.j.internal.DownloadSourcesJob - Downloaded sources for org.springframework.boot:spring-boot-starter-data-jpa-test:4.0.3
2026-02-24 15:52:03,525 [Worker-8: Download sources and javadoc] INFO  o.e.m.c.i.e.AbstractTransferListenerAdapter - Downloading http://binrepo.poupex.com.br/repository/public/org/springframework/boot/spring-boot-starter-test/4.0.3/spring-boot-starter-test-4.0.3-sources.jar
2026-02-24 15:52:03,594 [Worker-8: Download sources and javadoc] INFO  o.e.m.c.i.e.AbstractTransferListenerAdapter - Downloaded http://binrepo.poupex.com.br/repository/public/org/springframework/boot/spring-boot-starter-test/4.0.3/spring-boot-starter-test-4.0.3-sources.jar
2026-02-24 15:52:03,599 [Worker-8: Download sources and javadoc] INFO  o.e.m.j.internal.DownloadSourcesJob - Downloaded sources for org.springframework.boot:spring-boot-starter-test:4.0.3
2026-02-24 15:52:03,698 [Worker-8: Download sources and javadoc] INFO  o.e.m.c.i.e.AbstractTransferListenerAdapter - Downloading http://binrepo.poupex.com.br/repository/public/org/springframework/boot/spring-boot-test/4.0.3/spring-boot-test-4.0.3-sources.jar
2026-02-24 15:52:03,814 [Worker-8: Download sources and javadoc] INFO  o.e.m.c.i.e.AbstractTransferListenerAdapter - Downloaded http://binrepo.poupex.com.br/repository/public/org/springframework/boot/spring-boot-test/4.0.3/spring-boot-test-4.0.3-sources.jar
2026-02-24 15:52:03,816 [Worker-8: Download sources and javadoc] INFO  o.e.m.j.internal.DownloadSourcesJob - Downloaded sources for org.springframework.boot:spring-boot-test:4.0.3
2026-02-24 15:52:03,932 [Worker-8: Download sources and javadoc] INFO  o.e.m.c.i.e.AbstractTransferListenerAdapter - Downloading http://binrepo.poupex.com.br/repository/public/org/springframework/boot/spring-boot-test-autoconfigure/4.0.3/spring-boot-test-autoconfigure-4.0.3-sources.jar
2026-02-24 15:52:04,020 [Worker-8: Download sources and javadoc] INFO  o.e.m.c.i.e.AbstractTransferListenerAdapter - Downloaded http://binrepo.poupex.com.br/repository/public/org/springframework/boot/spring-boot-test-autoconfigure/4.0.3/spring-boot-test-autoconfigure-4.0.3-sources.jar
2026-02-24 15:52:04,025 [Worker-8: Download sources and javadoc] INFO  o.e.m.j.internal.DownloadSourcesJob - Downloaded sources for org.springframework.boot:spring-boot-test-autoconfigure:4.0.3
2026-02-24 15:52:04,125 [Worker-8: Download sources and javadoc] INFO  o.e.m.c.i.e.AbstractTransferListenerAdapter - Downloading http://binrepo.poupex.com.br/repository/public/com/jayway/jsonpath/json-path/2.10.0/json-path-2.10.0-sources.jar
2026-02-24 15:52:04,260 [Worker-8: Download sources and javadoc] INFO  o.e.m.c.i.e.AbstractTransferListenerAdapter - Downloaded http://binrepo.poupex.com.br/repository/public/com/jayway/jsonpath/json-path/2.10.0/json-path-2.10.0-sources.jar
2026-02-24 15:52:04,263 [Worker-8: Download sources and javadoc] INFO  o.e.m.j.internal.DownloadSourcesJob - Downloaded sources for com.jayway.jsonpath:json-path:2.10.0
2026-02-24 15:52:04,353 [Worker-8: Download sources and javadoc] INFO  o.e.m.c.i.e.AbstractTransferListenerAdapter - Downloading http://binrepo.poupex.com.br/repository/public/net/minidev/json-smart/2.6.0/json-smart-2.6.0-sources.jar
2026-02-24 15:52:04,389 [Worker-8: Download sources and javadoc] INFO  o.e.m.c.i.e.AbstractTransferListenerAdapter - Downloaded http://binrepo.poupex.com.br/repository/public/net/minidev/json-smart/2.6.0/json-smart-2.6.0-sources.jar
2026-02-24 15:52:04,391 [Worker-8: Download sources and javadoc] INFO  o.e.m.j.internal.DownloadSourcesJob - Downloaded sources for net.minidev:json-smart:2.6.0
2026-02-24 15:52:04,459 [Worker-8: Download sources and javadoc] INFO  o.e.m.c.i.e.AbstractTransferListenerAdapter - Downloading http://binrepo.poupex.com.br/repository/public/net/minidev/accessors-smart/2.6.0/accessors-smart-2.6.0-sources.jar
2026-02-24 15:52:04,495 [Worker-8: Download sources and javadoc] INFO  o.e.m.c.i.e.AbstractTransferListenerAdapter - Downloaded http://binrepo.poupex.com.br/repository/public/net/minidev/accessors-smart/2.6.0/accessors-smart-2.6.0-sources.jar
2026-02-24 15:52:04,497 [Worker-8: Download sources and javadoc] INFO  o.e.m.j.internal.DownloadSourcesJob - Downloaded sources for net.minidev:accessors-smart:2.6.0
2026-02-24 15:52:04,582 [Worker-8: Download sources and javadoc] INFO  o.e.m.c.i.e.AbstractTransferListenerAdapter - Downloading http://binrepo.poupex.com.br/repository/public/org/awaitility/awaitility/4.3.0/awaitility-4.3.0-sources.jar
2026-02-24 15:52:04,650 [Worker-8: Download sources and javadoc] INFO  o.e.m.c.i.e.AbstractTransferListenerAdapter - Downloaded http://binrepo.poupex.com.br/repository/public/org/awaitility/awaitility/4.3.0/awaitility-4.3.0-sources.jar
2026-02-24 15:52:04,652 [Worker-8: Download sources and javadoc] INFO  o.e.m.j.internal.DownloadSourcesJob - Downloaded sources for org.awaitility:awaitility:4.3.0
2026-02-24 15:52:04,750 [Worker-8: Download sources and javadoc] INFO  o.e.m.c.i.e.AbstractTransferListenerAdapter - Downloading http://binrepo.poupex.com.br/repository/public/org/junit/jupiter/junit-jupiter/6.0.3/junit-jupiter-6.0.3-sources.jar
2026-02-24 15:52:04,821 [Worker-8: Download sources and javadoc] INFO  o.e.m.c.i.e.AbstractTransferListenerAdapter - Downloaded http://binrepo.poupex.com.br/repository/public/org/junit/jupiter/junit-jupiter/6.0.3/junit-jupiter-6.0.3-sources.jar
2026-02-24 15:52:04,824 [Worker-8: Download sources and javadoc] INFO  o.e.m.j.internal.DownloadSourcesJob - Downloaded sources for org.junit.jupiter:junit-jupiter:6.0.3
2026-02-24 15:52:04,955 [Worker-8: Download sources and javadoc] INFO  o.e.m.c.i.e.AbstractTransferListenerAdapter - Downloading http://binrepo.poupex.com.br/repository/public/org/junit/jupiter/junit-jupiter-api/6.0.3/junit-jupiter-api-6.0.3-sources.jar
2026-02-24 15:52:05,165 [Worker-8: Download sources and javadoc] INFO  o.e.m.c.i.e.AbstractTransferListenerAdapter - Downloaded http://binrepo.poupex.com.br/repository/public/org/junit/jupiter/junit-jupiter-api/6.0.3/junit-jupiter-api-6.0.3-sources.jar
2026-02-24 15:52:05,169 [Worker-8: Download sources and javadoc] INFO  o.e.m.j.internal.DownloadSourcesJob - Downloaded sources for org.junit.jupiter:junit-jupiter-api:6.0.3
2026-02-24 15:52:05,269 [Worker-8: Download sources and javadoc] INFO  o.e.m.c.i.e.AbstractTransferListenerAdapter - Downloading http://binrepo.poupex.com.br/repository/public/org/junit/platform/junit-platform-commons/6.0.3/junit-platform-commons-6.0.3-sources.jar
2026-02-24 15:52:05,365 [Worker-8: Download sources and javadoc] INFO  o.e.m.c.i.e.AbstractTransferListenerAdapter - Downloaded http://binrepo.poupex.com.br/repository/public/org/junit/platform/junit-platform-commons/6.0.3/junit-platform-commons-6.0.3-sources.jar
2026-02-24 15:52:05,368 [Worker-8: Download sources and javadoc] INFO  o.e.m.j.internal.DownloadSourcesJob - Downloaded sources for org.junit.platform:junit-platform-commons:6.0.3
2026-02-24 15:52:05,497 [Worker-8: Download sources and javadoc] INFO  o.e.m.c.i.e.AbstractTransferListenerAdapter - Downloading http://binrepo.poupex.com.br/repository/public/org/junit/jupiter/junit-jupiter-params/6.0.3/junit-jupiter-params-6.0.3-sources.jar
2026-02-24 15:52:05,649 [Worker-8: Download sources and javadoc] INFO  o.e.m.c.i.e.AbstractTransferListenerAdapter - Downloaded http://binrepo.poupex.com.br/repository/public/org/junit/jupiter/junit-jupiter-params/6.0.3/junit-jupiter-params-6.0.3-sources.jar
2026-02-24 15:52:05,652 [Worker-8: Download sources and javadoc] INFO  o.e.m.j.internal.DownloadSourcesJob - Downloaded sources for org.junit.jupiter:junit-jupiter-params:6.0.3
2026-02-24 15:52:05,757 [Worker-8: Download sources and javadoc] INFO  o.e.m.c.i.e.AbstractTransferListenerAdapter - Downloading http://binrepo.poupex.com.br/repository/public/org/junit/jupiter/junit-jupiter-engine/6.0.3/junit-jupiter-engine-6.0.3-sources.jar
2026-02-24 15:52:06,118 [Worker-8: Download sources and javadoc] INFO  o.e.m.c.i.e.AbstractTransferListenerAdapter - Downloaded http://binrepo.poupex.com.br/repository/public/org/junit/jupiter/junit-jupiter-engine/6.0.3/junit-jupiter-engine-6.0.3-sources.jar
2026-02-24 15:52:06,121 [Worker-8: Download sources and javadoc] INFO  o.e.m.j.internal.DownloadSourcesJob - Downloaded sources for org.junit.jupiter:junit-jupiter-engine:6.0.3
2026-02-24 15:52:06,259 [Worker-8: Download sources and javadoc] INFO  o.e.m.c.i.e.AbstractTransferListenerAdapter - Downloading http://binrepo.poupex.com.br/repository/public/org/junit/platform/junit-platform-engine/6.0.3/junit-platform-engine-6.0.3-sources.jar
2026-02-24 15:52:06,439 [Worker-8: Download sources and javadoc] INFO  o.e.m.c.i.e.AbstractTransferListenerAdapter - Downloaded http://binrepo.poupex.com.br/repository/public/org/junit/platform/junit-platform-engine/6.0.3/junit-platform-engine-6.0.3-sources.jar
2026-02-24 15:52:06,441 [Worker-8: Download sources and javadoc] INFO  o.e.m.j.internal.DownloadSourcesJob - Downloaded sources for org.junit.platform:junit-platform-engine:6.0.3
2026-02-24 15:52:06,501 [Worker-8: Download sources and javadoc] INFO  o.e.m.c.i.e.AbstractTransferListenerAdapter - Downloading http://binrepo.poupex.com.br/repository/public/org/mockito/mockito-core/5.20.0/mockito-core-5.20.0-sources.jar
2026-02-24 15:52:06,813 [Worker-8: Download sources and javadoc] INFO  o.e.m.c.i.e.AbstractTransferListenerAdapter - Downloaded http://binrepo.poupex.com.br/repository/public/org/mockito/mockito-core/5.20.0/mockito-core-5.20.0-sources.jar
2026-02-24 15:52:06,815 [Worker-8: Download sources and javadoc] INFO  o.e.m.j.internal.DownloadSourcesJob - Downloaded sources for org.mockito:mockito-core:5.20.0
2026-02-24 15:52:06,898 [Worker-8: Download sources and javadoc] INFO  o.e.m.c.i.e.AbstractTransferListenerAdapter - Downloading http://binrepo.poupex.com.br/repository/public/org/objenesis/objenesis/3.3/objenesis-3.3-sources.jar
2026-02-24 15:52:06,935 [Worker-8: Download sources and javadoc] INFO  o.e.m.c.i.e.AbstractTransferListenerAdapter - Downloaded http://binrepo.poupex.com.br/repository/public/org/objenesis/objenesis/3.3/objenesis-3.3-sources.jar
2026-02-24 15:52:06,938 [Worker-8: Download sources and javadoc] INFO  o.e.m.j.internal.DownloadSourcesJob - Downloaded sources for org.objenesis:objenesis:3.3
2026-02-24 15:52:07,002 [Worker-8: Download sources and javadoc] INFO  o.e.m.c.i.e.AbstractTransferListenerAdapter - Downloading http://binrepo.poupex.com.br/repository/public/org/mockito/mockito-junit-jupiter/5.20.0/mockito-junit-jupiter-5.20.0-sources.jar
2026-02-24 15:52:07,036 [Worker-8: Download sources and javadoc] INFO  o.e.m.c.i.e.AbstractTransferListenerAdapter - Downloaded http://binrepo.poupex.com.br/repository/public/org/mockito/mockito-junit-jupiter/5.20.0/mockito-junit-jupiter-5.20.0-sources.jar
2026-02-24 15:52:07,039 [Worker-8: Download sources and javadoc] INFO  o.e.m.j.internal.DownloadSourcesJob - Downloaded sources for org.mockito:mockito-junit-jupiter:5.20.0
2026-02-24 15:52:07,158 [Worker-8: Download sources and javadoc] INFO  o.e.m.c.i.e.AbstractTransferListenerAdapter - Downloading http://binrepo.poupex.com.br/repository/public/org/springframework/spring-test/7.0.5/spring-test-7.0.5-sources.jar
2026-02-24 15:52:07,568 [Worker-8: Download sources and javadoc] INFO  o.e.m.c.i.e.AbstractTransferListenerAdapter - Downloaded http://binrepo.poupex.com.br/repository/public/org/springframework/spring-test/7.0.5/spring-test-7.0.5-sources.jar
2026-02-24 15:52:07,571 [Worker-8: Download sources and javadoc] INFO  o.e.m.j.internal.DownloadSourcesJob - Downloaded sources for org.springframework:spring-test:7.0.5
2026-02-24 15:52:07,664 [Worker-8: Download sources and javadoc] INFO  o.e.m.c.i.e.AbstractTransferListenerAdapter - Downloading http://binrepo.poupex.com.br/repository/public/org/springframework/boot/spring-boot-starter-jdbc-test/4.0.3/spring-boot-starter-jdbc-test-4.0.3-sources.jar
2026-02-24 15:52:07,744 [Worker-8: Download sources and javadoc] INFO  o.e.m.c.i.e.AbstractTransferListenerAdapter - Downloaded http://binrepo.poupex.com.br/repository/public/org/springframework/boot/spring-boot-starter-jdbc-test/4.0.3/spring-boot-starter-jdbc-test-4.0.3-sources.jar
2026-02-24 15:52:07,747 [Worker-8: Download sources and javadoc] INFO  o.e.m.j.internal.DownloadSourcesJob - Downloaded sources for org.springframework.boot:spring-boot-starter-jdbc-test:4.0.3
2026-02-24 15:52:07,853 [Worker-8: Download sources and javadoc] INFO  o.e.m.c.i.e.AbstractTransferListenerAdapter - Downloading http://binrepo.poupex.com.br/repository/public/org/springframework/boot/spring-boot-jdbc-test/4.0.3/spring-boot-jdbc-test-4.0.3-sources.jar
2026-02-24 15:52:07,922 [Worker-8: Download sources and javadoc] INFO  o.e.m.c.i.e.AbstractTransferListenerAdapter - Downloaded http://binrepo.poupex.com.br/repository/public/org/springframework/boot/spring-boot-jdbc-test/4.0.3/spring-boot-jdbc-test-4.0.3-sources.jar
2026-02-24 15:52:07,926 [Worker-8: Download sources and javadoc] INFO  o.e.m.j.internal.DownloadSourcesJob - Downloaded sources for org.springframework.boot:spring-boot-jdbc-test:4.0.3
2026-02-24 15:52:08,031 [Worker-8: Download sources and javadoc] INFO  o.e.m.c.i.e.AbstractTransferListenerAdapter - Downloading http://binrepo.poupex.com.br/repository/public/org/springframework/boot/spring-boot-data-jpa-test/4.0.3/spring-boot-data-jpa-test-4.0.3-sources.jar
2026-02-24 15:52:08,102 [Worker-8: Download sources and javadoc] INFO  o.e.m.c.i.e.AbstractTransferListenerAdapter - Downloaded http://binrepo.poupex.com.br/repository/public/org/springframework/boot/spring-boot-data-jpa-test/4.0.3/spring-boot-data-jpa-test-4.0.3-sources.jar
2026-02-24 15:52:08,105 [Worker-8: Download sources and javadoc] INFO  o.e.m.j.internal.DownloadSourcesJob - Downloaded sources for org.springframework.boot:spring-boot-data-jpa-test:4.0.3
2026-02-24 15:52:08,208 [Worker-8: Download sources and javadoc] INFO  o.e.m.c.i.e.AbstractTransferListenerAdapter - Downloading http://binrepo.poupex.com.br/repository/public/org/springframework/boot/spring-boot-jpa-test/4.0.3/spring-boot-jpa-test-4.0.3-sources.jar
2026-02-24 15:52:08,279 [Worker-8: Download sources and javadoc] INFO  o.e.m.c.i.e.AbstractTransferListenerAdapter - Downloaded http://binrepo.poupex.com.br/repository/public/org/springframework/boot/spring-boot-jpa-test/4.0.3/spring-boot-jpa-test-4.0.3-sources.jar
2026-02-24 15:52:08,282 [Worker-8: Download sources and javadoc] INFO  o.e.m.j.internal.DownloadSourcesJob - Downloaded sources for org.springframework.boot:spring-boot-jpa-test:4.0.3
2026-02-24 15:52:08,392 [Worker-8: Download sources and javadoc] INFO  o.e.m.c.i.e.AbstractTransferListenerAdapter - Downloading http://binrepo.poupex.com.br/repository/public/org/springframework/boot/spring-boot-starter-webmvc-test/4.0.3/spring-boot-starter-webmvc-test-4.0.3-sources.jar
2026-02-24 15:52:08,465 [Worker-8: Download sources and javadoc] INFO  o.e.m.c.i.e.AbstractTransferListenerAdapter - Downloaded http://binrepo.poupex.com.br/repository/public/org/springframework/boot/spring-boot-starter-webmvc-test/4.0.3/spring-boot-starter-webmvc-test-4.0.3-sources.jar
2026-02-24 15:52:08,467 [Worker-8: Download sources and javadoc] INFO  o.e.m.j.internal.DownloadSourcesJob - Downloaded sources for org.springframework.boot:spring-boot-starter-webmvc-test:4.0.3
2026-02-24 15:52:08,570 [Worker-8: Download sources and javadoc] INFO  o.e.m.c.i.e.AbstractTransferListenerAdapter - Downloading http://binrepo.poupex.com.br/repository/public/org/springframework/boot/spring-boot-starter-jackson-test/4.0.3/spring-boot-starter-jackson-test-4.0.3-sources.jar
2026-02-24 15:52:08,649 [Worker-8: Download sources and javadoc] INFO  o.e.m.c.i.e.AbstractTransferListenerAdapter - Downloaded http://binrepo.poupex.com.br/repository/public/org/springframework/boot/spring-boot-starter-jackson-test/4.0.3/spring-boot-starter-jackson-test-4.0.3-sources.jar
2026-02-24 15:52:08,652 [Worker-8: Download sources and javadoc] INFO  o.e.m.j.internal.DownloadSourcesJob - Downloaded sources for org.springframework.boot:spring-boot-starter-jackson-test:4.0.3
2026-02-24 15:52:08,769 [Worker-8: Download sources and javadoc] INFO  o.e.m.c.i.e.AbstractTransferListenerAdapter - Downloading http://binrepo.poupex.com.br/repository/public/org/springframework/boot/spring-boot-webmvc-test/4.0.3/spring-boot-webmvc-test-4.0.3-sources.jar
2026-02-24 15:52:08,841 [Worker-8: Download sources and javadoc] INFO  o.e.m.c.i.e.AbstractTransferListenerAdapter - Downloaded http://binrepo.poupex.com.br/repository/public/org/springframework/boot/spring-boot-webmvc-test/4.0.3/spring-boot-webmvc-test-4.0.3-sources.jar
2026-02-24 15:52:08,844 [Worker-8: Download sources and javadoc] INFO  o.e.m.j.internal.DownloadSourcesJob - Downloaded sources for org.springframework.boot:spring-boot-webmvc-test:4.0.3
2026-02-24 15:52:08,994 [Worker-8: Download sources and javadoc] INFO  o.e.m.c.i.e.AbstractTransferListenerAdapter - Downloading http://binrepo.poupex.com.br/repository/public/org/springframework/boot/spring-boot-web-server/4.0.3/spring-boot-web-server-4.0.3-sources.jar
2026-02-24 15:52:09,138 [Worker-8: Download sources and javadoc] INFO  o.e.m.c.i.e.AbstractTransferListenerAdapter - Downloaded http://binrepo.poupex.com.br/repository/public/org/springframework/boot/spring-boot-web-server/4.0.3/spring-boot-web-server-4.0.3-sources.jar
2026-02-24 15:52:09,141 [Worker-8: Download sources and javadoc] INFO  o.e.m.j.internal.DownloadSourcesJob - Downloaded sources for org.springframework.boot:spring-boot-web-server:4.0.3
2026-02-24 15:52:09,256 [Worker-8: Download sources and javadoc] INFO  o.e.m.c.i.e.AbstractTransferListenerAdapter - Downloading http://binrepo.poupex.com.br/repository/public/org/springframework/boot/spring-boot-resttestclient/4.0.3/spring-boot-resttestclient-4.0.3-sources.jar
2026-02-24 15:52:09,343 [Worker-8: Download sources and javadoc] INFO  o.e.m.c.i.e.AbstractTransferListenerAdapter - Downloaded http://binrepo.poupex.com.br/repository/public/org/springframework/boot/spring-boot-resttestclient/4.0.3/spring-boot-resttestclient-4.0.3-sources.jar
2026-02-24 15:52:09,346 [Worker-8: Download sources and javadoc] INFO  o.e.m.j.internal.DownloadSourcesJob - Downloaded sources for org.springframework.boot:spring-boot-resttestclient:4.0.3
2026-02-24 15:58:13,864 [Worker-10: Building] INFO  o.e.m.c.i.l.LifecycleMappingFactory - Using org.eclipse.m2e.jdt.JarLifecycleMapping lifecycle mapping for MavenProject: com.loiane:crud-spring:0.0.1-SNAPSHOT @ D:\Projetos\crud-angular-spring\crud-spring\pom.xml.
2026-02-24 15:58:14,999 [Worker-10: Building] INFO  o.a.m.s.f.DefaultMavenResourcesFiltering - Copying 0 resource from src\main\resources to target\classes
2026-02-24 15:58:15,000 [Worker-10: Building] INFO  o.a.m.s.f.DefaultMavenResourcesFiltering - Copying 0 resource from src\main\resources to target\classes
2026-02-24 15:58:15,004 [Worker-10: Building] INFO  o.a.m.s.f.DefaultMavenResourcesFiltering - skip non existing resourceDirectory D:\Projetos\crud-angular-spring\crud-spring\src\test\resources
2026-02-24 16:10:36,831 [Worker-20: Building] INFO  o.e.m.c.i.l.LifecycleMappingFactory - Using org.eclipse.m2e.jdt.JarLifecycleMapping lifecycle mapping for MavenProject: com.loiane:crud-spring:0.0.1-SNAPSHOT @ D:\Projetos\crud-angular-spring\crud-spring\pom.xml.
2026-02-24 16:10:37,153 [Worker-20: Building] INFO  o.e.m.c.i.e.AbstractTransferListenerAdapter - Downloading http://binrepo.poupex.com.br/repository/public/org/springframework/boot/spring-boot-starter-web/4.0.3/spring-boot-starter-web-4.0.3.pom
2026-02-24 16:10:37,191 [Worker-20: Building] INFO  o.e.m.c.i.e.AbstractTransferListenerAdapter - Downloaded http://binrepo.poupex.com.br/repository/public/org/springframework/boot/spring-boot-starter-web/4.0.3/spring-boot-starter-web-4.0.3.pom
2026-02-24 16:10:37,583 [Worker-20: Building] INFO  o.e.m.c.i.e.AbstractTransferListenerAdapter - Downloading http://binrepo.poupex.com.br/repository/public/org/springframework/boot/spring-boot-starter-web/4.0.3/spring-boot-starter-web-4.0.3.jar
2026-02-24 16:10:37,616 [Worker-20: Building] INFO  o.e.m.c.i.e.AbstractTransferListenerAdapter - Downloaded http://binrepo.poupex.com.br/repository/public/org/springframework/boot/spring-boot-starter-web/4.0.3/spring-boot-starter-web-4.0.3.jar
2026-02-24 16:10:38,000 [Worker-20: Building] INFO  o.a.m.s.f.DefaultMavenResourcesFiltering - Copying 0 resource from src\main\resources to target\classes
2026-02-24 16:10:38,001 [Worker-20: Building] INFO  o.a.m.s.f.DefaultMavenResourcesFiltering - Copying 0 resource from src\main\resources to target\classes
2026-02-24 16:10:38,006 [Worker-20: Building] INFO  o.a.m.s.f.DefaultMavenResourcesFiltering - skip non existing resourceDirectory D:\Projetos\crud-angular-spring\crud-spring\src\test\resources
2026-02-24 16:10:38,962 [Worker-19: Download sources and javadoc] INFO  o.e.m.c.i.e.AbstractTransferListenerAdapter - Downloading http://binrepo.poupex.com.br/repository/public/org/springframework/boot/spring-boot-starter-web/4.0.3/spring-boot-starter-web-4.0.3-sources.jar
2026-02-24 16:10:39,048 [Worker-19: Download sources and javadoc] INFO  o.e.m.c.i.e.AbstractTransferListenerAdapter - Downloaded http://binrepo.poupex.com.br/repository/public/org/springframework/boot/spring-boot-starter-web/4.0.3/spring-boot-starter-web-4.0.3-sources.jar
2026-02-24 16:10:39,053 [Worker-19: Download sources and javadoc] INFO  o.e.m.j.internal.DownloadSourcesJob - Downloaded sources for org.springframework.boot:spring-boot-starter-web:4.0.3
2026-02-24 16:10:39,753 [Worker-17: Building] INFO  o.a.m.s.f.DefaultMavenResourcesFiltering - Copying 1 resource from src\main\resources to target\classes
2026-02-24 16:10:39,776 [Worker-17: Building] INFO  o.a.m.s.f.DefaultMavenResourcesFiltering - Copying 0 resource from src\main\resources to target\classes
2026-02-24 16:10:39,780 [Worker-17: Building] INFO  o.a.m.s.f.DefaultMavenResourcesFiltering - skip non existing resourceDirectory D:\Projetos\crud-angular-spring\crud-spring\src\test\resources
2026-02-24 16:13:08,528 [Worker-26: Building] INFO  o.a.m.s.f.DefaultMavenResourcesFiltering - Copying 1 resource from src\main\resources to target\classes
2026-02-24 16:13:08,535 [Worker-26: Building] INFO  o.a.m.s.f.DefaultMavenResourcesFiltering - Copying 0 resource from src\main\resources to target\classes
2026-02-24 16:13:08,540 [Worker-26: Building] INFO  o.a.m.s.f.DefaultMavenResourcesFiltering - skip non existing resourceDirectory D:\Projetos\crud-angular-spring\crud-spring\src\test\resources
2026-02-24 16:13:51,072 [Worker-23: Building] INFO  o.a.m.s.f.DefaultMavenResourcesFiltering - Copying 1 resource from src\main\resources to target\classes
2026-02-24 16:13:51,076 [Worker-23: Building] INFO  o.a.m.s.f.DefaultMavenResourcesFiltering - Copying 0 resource from src\main\resources to target\classes
2026-02-24 16:13:51,079 [Worker-23: Building] INFO  o.a.m.s.f.DefaultMavenResourcesFiltering - skip non existing resourceDirectory D:\Projetos\crud-angular-spring\crud-spring\src\test\resources
2026-02-24 16:14:01,639 [Worker-20: Building] INFO  o.a.m.s.f.DefaultMavenResourcesFiltering - Copying 1 resource from src\main\resources to target\classes
2026-02-24 16:14:01,660 [Worker-20: Building] INFO  o.a.m.s.f.DefaultMavenResourcesFiltering - Copying 0 resource from src\main\resources to target\classes
2026-02-24 16:14:01,663 [Worker-20: Building] INFO  o.a.m.s.f.DefaultMavenResourcesFiltering - skip non existing resourceDirectory D:\Projetos\crud-angular-spring\crud-spring\src\test\resources
2026-02-24 16:16:14,552 [Worker-19: Building] INFO  o.a.m.s.f.DefaultMavenResourcesFiltering - Copying 1 resource from src\main\resources to target\classes
2026-02-24 16:16:14,556 [Worker-19: Building] INFO  o.a.m.s.f.DefaultMavenResourcesFiltering - Copying 0 resource from src\main\resources to target\classes
2026-02-24 16:16:14,561 [Worker-19: Building] INFO  o.a.m.s.f.DefaultMavenResourcesFiltering - skip non existing resourceDirectory D:\Projetos\crud-angular-spring\crud-spring\src\test\resources
2026-02-24 16:16:28,750 [Worker-28: Building] INFO  o.a.m.s.f.DefaultMavenResourcesFiltering - Copying 1 resource from src\main\resources to target\classes
2026-02-24 16:16:28,753 [Worker-28: Building] INFO  o.a.m.s.f.DefaultMavenResourcesFiltering - Copying 0 resource from src\main\resources to target\classes
2026-02-24 16:16:28,755 [Worker-28: Building] INFO  o.a.m.s.f.DefaultMavenResourcesFiltering - skip non existing resourceDirectory D:\Projetos\crud-angular-spring\crud-spring\src\test\resources
2026-02-24 16:16:33,528 [Worker-28: Building] INFO  o.a.m.s.f.DefaultMavenResourcesFiltering - Copying 1 resource from src\main\resources to target\classes
2026-02-24 16:16:33,531 [Worker-28: Building] INFO  o.a.m.s.f.DefaultMavenResourcesFiltering - Copying 0 resource from src\main\resources to target\classes
2026-02-24 16:16:33,534 [Worker-28: Building] INFO  o.a.m.s.f.DefaultMavenResourcesFiltering - skip non existing resourceDirectory D:\Projetos\crud-angular-spring\crud-spring\src\test\resources
2026-02-24 16:16:43,224 [Worker-27: Building] INFO  o.a.m.s.f.DefaultMavenResourcesFiltering - Copying 1 resource from src\main\resources to target\classes
2026-02-24 16:16:43,227 [Worker-27: Building] INFO  o.a.m.s.f.DefaultMavenResourcesFiltering - Copying 0 resource from src\main\resources to target\classes
2026-02-24 16:16:43,230 [Worker-27: Building] INFO  o.a.m.s.f.DefaultMavenResourcesFiltering - skip non existing resourceDirectory D:\Projetos\crud-angular-spring\crud-spring\src\test\resources
2026-02-24 16:18:34,224 [Worker-34: Building] INFO  o.a.m.s.f.DefaultMavenResourcesFiltering - Copying 1 resource from src\main\resources to target\classes
2026-02-24 16:18:34,229 [Worker-34: Building] INFO  o.a.m.s.f.DefaultMavenResourcesFiltering - Copying 0 resource from src\main\resources to target\classes
2026-02-24 16:18:34,231 [Worker-34: Building] INFO  o.a.m.s.f.DefaultMavenResourcesFiltering - skip non existing resourceDirectory D:\Projetos\crud-angular-spring\crud-spring\src\test\resources
2026-02-24 16:21:01,809 [Worker-31: Building] INFO  o.a.m.s.f.DefaultMavenResourcesFiltering - Copying 1 resource from src\main\resources to target\classes
2026-02-24 16:21:01,815 [Worker-31: Building] INFO  o.a.m.s.f.DefaultMavenResourcesFiltering - Copying 0 resource from src\main\resources to target\classes
2026-02-24 16:21:01,820 [Worker-31: Building] INFO  o.a.m.s.f.DefaultMavenResourcesFiltering - skip non existing resourceDirectory D:\Projetos\crud-angular-spring\crud-spring\src\test\resources
2026-02-24 16:21:13,451 [Worker-26: Building] INFO  o.a.m.s.f.DefaultMavenResourcesFiltering - Copying 1 resource from src\main\resources to target\classes
2026-02-24 16:21:13,459 [Worker-26: Building] INFO  o.a.m.s.f.DefaultMavenResourcesFiltering - Copying 0 resource from src\main\resources to target\classes
2026-02-24 16:21:13,463 [Worker-26: Building] INFO  o.a.m.s.f.DefaultMavenResourcesFiltering - skip non existing resourceDirectory D:\Projetos\crud-angular-spring\crud-spring\src\test\resources
2026-02-24 16:21:57,148 [Worker-35: Building] INFO  o.a.m.s.f.DefaultMavenResourcesFiltering - Copying 1 resource from src\main\resources to target\classes
2026-02-24 16:21:57,153 [Worker-35: Building] INFO  o.a.m.s.f.DefaultMavenResourcesFiltering - Copying 0 resource from src\main\resources to target\classes
2026-02-24 16:21:57,159 [Worker-35: Building] INFO  o.a.m.s.f.DefaultMavenResourcesFiltering - skip non existing resourceDirectory D:\Projetos\crud-angular-spring\crud-spring\src\test\resources
2026-02-24 16:22:12,178 [Worker-28: Building] INFO  o.a.m.s.f.DefaultMavenResourcesFiltering - Copying 1 resource from src\main\resources to target\classes
2026-02-24 16:22:12,181 [Worker-28: Building] INFO  o.a.m.s.f.DefaultMavenResourcesFiltering - Copying 0 resource from src\main\resources to target\classes
2026-02-24 16:22:12,183 [Worker-28: Building] INFO  o.a.m.s.f.DefaultMavenResourcesFiltering - skip non existing resourceDirectory D:\Projetos\crud-angular-spring\crud-spring\src\test\resources
2026-02-24 16:23:01,783 [Worker-35: Building] INFO  o.a.m.s.f.DefaultMavenResourcesFiltering - Copying 1 resource from src\main\resources to target\classes
2026-02-24 16:23:01,787 [Worker-35: Building] INFO  o.a.m.s.f.DefaultMavenResourcesFiltering - Copying 0 resource from src\main\resources to target\classes
2026-02-24 16:23:01,789 [Worker-35: Building] INFO  o.a.m.s.f.DefaultMavenResourcesFiltering - skip non existing resourceDirectory D:\Projetos\crud-angular-spring\crud-spring\src\test\resources
2026-02-24 16:23:28,347 [Worker-33: Building] INFO  o.a.m.s.f.DefaultMavenResourcesFiltering - Copying 1 resource from src\main\resources to target\classes
2026-02-24 16:23:28,351 [Worker-33: Building] INFO  o.a.m.s.f.DefaultMavenResourcesFiltering - Copying 0 resource from src\main\resources to target\classes
2026-02-24 16:23:28,353 [Worker-33: Building] INFO  o.a.m.s.f.DefaultMavenResourcesFiltering - skip non existing resourceDirectory D:\Projetos\crud-angular-spring\crud-spring\src\test\resources
2026-02-24 16:25:05,560 [Worker-38: Building] INFO  o.a.m.s.f.DefaultMavenResourcesFiltering - Copying 1 resource from src\main\resources to target\classes
2026-02-24 16:25:05,577 [Worker-38: Building] INFO  o.a.m.s.f.DefaultMavenResourcesFiltering - Copying 0 resource from src\main\resources to target\classes
2026-02-24 16:25:05,585 [Worker-38: Building] INFO  o.a.m.s.f.DefaultMavenResourcesFiltering - skip non existing resourceDirectory D:\Projetos\crud-angular-spring\crud-spring\src\test\resources
2026-02-24 16:25:38,266 [Worker-36: Building] INFO  o.a.m.s.f.DefaultMavenResourcesFiltering - Copying 1 resource from src\main\resources to target\classes
2026-02-24 16:25:38,270 [Worker-36: Building] INFO  o.a.m.s.f.DefaultMavenResourcesFiltering - Copying 0 resource from src\main\resources to target\classes
2026-02-24 16:25:38,272 [Worker-36: Building] INFO  o.a.m.s.f.DefaultMavenResourcesFiltering - skip non existing resourceDirectory D:\Projetos\crud-angular-spring\crud-spring\src\test\resources
2026-02-24 16:26:25,113 [Worker-34: Building] INFO  o.a.m.s.f.DefaultMavenResourcesFiltering - Copying 1 resource from src\main\resources to target\classes
2026-02-24 16:26:25,119 [Worker-34: Building] INFO  o.a.m.s.f.DefaultMavenResourcesFiltering - Copying 0 resource from src\main\resources to target\classes
2026-02-24 16:26:25,123 [Worker-34: Building] INFO  o.a.m.s.f.DefaultMavenResourcesFiltering - skip non existing resourceDirectory D:\Projetos\crud-angular-spring\crud-spring\src\test\resources
2026-02-24 16:26:27,548 [Worker-26: Building] INFO  o.a.m.s.f.DefaultMavenResourcesFiltering - Copying 1 resource from src\main\resources to target\classes
2026-02-24 16:26:27,554 [Worker-26: Building] INFO  o.a.m.s.f.DefaultMavenResourcesFiltering - Copying 0 resource from src\main\resources to target\classes
2026-02-24 16:26:27,557 [Worker-26: Building] INFO  o.a.m.s.f.DefaultMavenResourcesFiltering - skip non existing resourceDirectory D:\Projetos\crud-angular-spring\crud-spring\src\test\resources
2026-02-24 16:27:12,472 [Worker-28: Building] INFO  o.a.m.s.f.DefaultMavenResourcesFiltering - Copying 1 resource from src\main\resources to target\classes
2026-02-24 16:27:12,475 [Worker-28: Building] INFO  o.a.m.s.f.DefaultMavenResourcesFiltering - Copying 0 resource from src\main\resources to target\classes
2026-02-24 16:27:12,477 [Worker-28: Building] INFO  o.a.m.s.f.DefaultMavenResourcesFiltering - skip non existing resourceDirectory D:\Projetos\crud-angular-spring\crud-spring\src\test\resources
2026-02-24 16:28:24,311 [Worker-38: Building] INFO  o.a.m.s.f.DefaultMavenResourcesFiltering - Copying 1 resource from src\main\resources to target\classes
2026-02-24 16:28:24,314 [Worker-38: Building] INFO  o.a.m.s.f.DefaultMavenResourcesFiltering - Copying 0 resource from src\main\resources to target\classes
2026-02-24 16:28:24,316 [Worker-38: Building] INFO  o.a.m.s.f.DefaultMavenResourcesFiltering - skip non existing resourceDirectory D:\Projetos\crud-angular-spring\crud-spring\src\test\resources
2026-02-24 16:29:56,769 [Worker-37: Building] INFO  o.a.m.s.f.DefaultMavenResourcesFiltering - Copying 1 resource from src\main\resources to target\classes
2026-02-24 16:29:56,773 [Worker-37: Building] INFO  o.a.m.s.f.DefaultMavenResourcesFiltering - Copying 0 resource from src\main\resources to target\classes
2026-02-24 16:29:56,777 [Worker-37: Building] INFO  o.a.m.s.f.DefaultMavenResourcesFiltering - skip non existing resourceDirectory D:\Projetos\crud-angular-spring\crud-spring\src\test\resources
2026-02-24 16:30:21,002 [Worker-38: Building] INFO  o.a.m.s.f.DefaultMavenResourcesFiltering - Copying 1 resource from src\main\resources to target\classes
2026-02-24 16:30:21,005 [Worker-38: Building] INFO  o.a.m.s.f.DefaultMavenResourcesFiltering - Copying 0 resource from src\main\resources to target\classes
2026-02-24 16:30:21,007 [Worker-38: Building] INFO  o.a.m.s.f.DefaultMavenResourcesFiltering - skip non existing resourceDirectory D:\Projetos\crud-angular-spring\crud-spring\src\test\resources
2026-02-24 16:32:20,196 [Worker-41: Building] INFO  o.a.m.s.f.DefaultMavenResourcesFiltering - Copying 1 resource from src\main\resources to target\classes
2026-02-24 16:32:20,202 [Worker-41: Building] INFO  o.a.m.s.f.DefaultMavenResourcesFiltering - Copying 0 resource from src\main\resources to target\classes
2026-02-24 16:32:20,204 [Worker-41: Building] INFO  o.a.m.s.f.DefaultMavenResourcesFiltering - skip non existing resourceDirectory D:\Projetos\crud-angular-spring\crud-spring\src\test\resources
2026-02-24 16:32:50,528 [Worker-42: Building] INFO  o.a.m.s.f.DefaultMavenResourcesFiltering - Copying 1 resource from src\main\resources to target\classes
2026-02-24 16:32:50,535 [Worker-42: Building] INFO  o.a.m.s.f.DefaultMavenResourcesFiltering - Copying 0 resource from src\main\resources to target\classes
2026-02-24 16:32:50,538 [Worker-42: Building] INFO  o.a.m.s.f.DefaultMavenResourcesFiltering - skip non existing resourceDirectory D:\Projetos\crud-angular-spring\crud-spring\src\test\resources
2026-02-24 16:33:39,894 [Worker-38: Building] INFO  o.a.m.s.f.DefaultMavenResourcesFiltering - Copying 1 resource from src\main\resources to target\classes
2026-02-24 16:33:39,900 [Worker-38: Building] INFO  o.a.m.s.f.DefaultMavenResourcesFiltering - Copying 0 resource from src\main\resources to target\classes
2026-02-24 16:33:39,902 [Worker-38: Building] INFO  o.a.m.s.f.DefaultMavenResourcesFiltering - skip non existing resourceDirectory D:\Projetos\crud-angular-spring\crud-spring\src\test\resources
2026-02-24 16:34:47,029 [Worker-40: Building] INFO  o.a.m.s.f.DefaultMavenResourcesFiltering - Copying 1 resource from src\main\resources to target\classes
2026-02-24 16:34:47,032 [Worker-40: Building] INFO  o.a.m.s.f.DefaultMavenResourcesFiltering - Copying 0 resource from src\main\resources to target\classes
2026-02-24 16:34:47,034 [Worker-40: Building] INFO  o.a.m.s.f.DefaultMavenResourcesFiltering - skip non existing resourceDirectory D:\Projetos\crud-angular-spring\crud-spring\src\test\resources
2026-02-24 16:35:36,787 [Worker-37: Building] INFO  o.a.m.s.f.DefaultMavenResourcesFiltering - Copying 1 resource from src\main\resources to target\classes
2026-02-24 16:35:36,791 [Worker-37: Building] INFO  o.a.m.s.f.DefaultMavenResourcesFiltering - Copying 0 resource from src\main\resources to target\classes
2026-02-24 16:35:36,794 [Worker-37: Building] INFO  o.a.m.s.f.DefaultMavenResourcesFiltering - skip non existing resourceDirectory D:\Projetos\crud-angular-spring\crud-spring\src\test\resources
2026-02-24 16:36:00,107 [Worker-40: Building] INFO  o.a.m.s.f.DefaultMavenResourcesFiltering - Copying 1 resource from src\main\resources to target\classes
2026-02-24 16:36:00,112 [Worker-40: Building] INFO  o.a.m.s.f.DefaultMavenResourcesFiltering - Copying 0 resource from src\main\resources to target\classes
2026-02-24 16:36:00,114 [Worker-40: Building] INFO  o.a.m.s.f.DefaultMavenResourcesFiltering - skip non existing resourceDirectory D:\Projetos\crud-angular-spring\crud-spring\src\test\resources
2026-02-24 16:36:49,317 [Worker-42: Building] INFO  o.a.m.s.f.DefaultMavenResourcesFiltering - Copying 1 resource from src\main\resources to target\classes
2026-02-24 16:36:49,320 [Worker-42: Building] INFO  o.a.m.s.f.DefaultMavenResourcesFiltering - Copying 0 resource from src\main\resources to target\classes
2026-02-24 16:36:49,323 [Worker-42: Building] INFO  o.a.m.s.f.DefaultMavenResourcesFiltering - skip non existing resourceDirectory D:\Projetos\crud-angular-spring\crud-spring\src\test\resources
2026-02-24 16:39:08,751 [Worker-38: Building] INFO  o.a.m.s.f.DefaultMavenResourcesFiltering - Copying 1 resource from src\main\resources to target\classes
2026-02-24 16:39:08,758 [Worker-38: Building] INFO  o.a.m.s.f.DefaultMavenResourcesFiltering - Copying 0 resource from src\main\resources to target\classes
2026-02-24 16:39:08,761 [Worker-38: Building] INFO  o.a.m.s.f.DefaultMavenResourcesFiltering - skip non existing resourceDirectory D:\Projetos\crud-angular-spring\crud-spring\src\test\resources
2026-02-24 16:39:34,555 [Worker-38: Building] INFO  o.a.m.s.f.DefaultMavenResourcesFiltering - Copying 1 resource from src\main\resources to target\classes
2026-02-24 16:39:34,560 [Worker-38: Building] INFO  o.a.m.s.f.DefaultMavenResourcesFiltering - Copying 0 resource from src\main\resources to target\classes
2026-02-24 16:39:34,562 [Worker-38: Building] INFO  o.a.m.s.f.DefaultMavenResourcesFiltering - skip non existing resourceDirectory D:\Projetos\crud-angular-spring\crud-spring\src\test\resources
2026-02-24 16:39:47,010 [Worker-45: Building] INFO  o.a.m.s.f.DefaultMavenResourcesFiltering - Copying 1 resource from src\main\resources to target\classes
2026-02-24 16:39:47,016 [Worker-45: Building] INFO  o.a.m.s.f.DefaultMavenResourcesFiltering - Copying 0 resource from src\main\resources to target\classes
2026-02-24 16:39:47,018 [Worker-45: Building] INFO  o.a.m.s.f.DefaultMavenResourcesFiltering - skip non existing resourceDirectory D:\Projetos\crud-angular-spring\crud-spring\src\test\resources
2026-02-24 16:40:12,189 [Worker-37: Building] INFO  o.a.m.s.f.DefaultMavenResourcesFiltering - Copying 1 resource from src\main\resources to target\classes
2026-02-24 16:40:12,193 [Worker-37: Building] INFO  o.a.m.s.f.DefaultMavenResourcesFiltering - Copying 0 resource from src\main\resources to target\classes
2026-02-24 16:40:12,196 [Worker-37: Building] INFO  o.a.m.s.f.DefaultMavenResourcesFiltering - skip non existing resourceDirectory D:\Projetos\crud-angular-spring\crud-spring\src\test\resources
2026-02-24 16:40:13,278 [Worker-38: Building] INFO  o.a.m.s.f.DefaultMavenResourcesFiltering - Copying 1 resource from src\main\resources to target\classes
2026-02-24 16:40:13,283 [Worker-38: Building] INFO  o.a.m.s.f.DefaultMavenResourcesFiltering - Copying 0 resource from src\main\resources to target\classes
2026-02-24 16:40:13,287 [Worker-38: Building] INFO  o.a.m.s.f.DefaultMavenResourcesFiltering - skip non existing resourceDirectory D:\Projetos\crud-angular-spring\crud-spring\src\test\resources
2026-02-24 16:41:10,491 [Worker-38: Building] INFO  o.a.m.s.f.DefaultMavenResourcesFiltering - Copying 1 resource from src\main\resources to target\classes
2026-02-24 16:41:10,494 [Worker-38: Building] INFO  o.a.m.s.f.DefaultMavenResourcesFiltering - Copying 0 resource from src\main\resources to target\classes
2026-02-24 16:41:10,496 [Worker-38: Building] INFO  o.a.m.s.f.DefaultMavenResourcesFiltering - skip non existing resourceDirectory D:\Projetos\crud-angular-spring\crud-spring\src\test\resources
2026-02-24 16:43:44,772 [Worker-44: Building] INFO  o.a.m.s.f.DefaultMavenResourcesFiltering - Copying 1 resource from src\main\resources to target\classes
2026-02-24 16:43:44,776 [Worker-44: Building] INFO  o.a.m.s.f.DefaultMavenResourcesFiltering - Copying 0 resource from src\main\resources to target\classes
2026-02-24 16:43:44,778 [Worker-44: Building] INFO  o.a.m.s.f.DefaultMavenResourcesFiltering - skip non existing resourceDirectory D:\Projetos\crud-angular-spring\crud-spring\src\test\resources
2026-02-24 16:46:34,721 [Worker-48: Building] INFO  o.a.m.s.f.DefaultMavenResourcesFiltering - Copying 1 resource from src\main\resources to target\classes
2026-02-24 16:46:34,728 [Worker-48: Building] INFO  o.a.m.s.f.DefaultMavenResourcesFiltering - Copying 0 resource from src\main\resources to target\classes
2026-02-24 16:46:34,730 [Worker-48: Building] INFO  o.a.m.s.f.DefaultMavenResourcesFiltering - skip non existing resourceDirectory D:\Projetos\crud-angular-spring\crud-spring\src\test\resources
2026-02-24 16:47:00,003 [Worker-48: Building] INFO  o.a.m.s.f.DefaultMavenResourcesFiltering - Copying 1 resource from src\main\resources to target\classes
2026-02-24 16:47:00,008 [Worker-48: Building] INFO  o.a.m.s.f.DefaultMavenResourcesFiltering - Copying 0 resource from src\main\resources to target\classes
2026-02-24 16:47:00,010 [Worker-48: Building] INFO  o.a.m.s.f.DefaultMavenResourcesFiltering - skip non existing resourceDirectory D:\Projetos\crud-angular-spring\crud-spring\src\test\resources
2026-02-24 16:47:25,685 [Worker-51: Building] INFO  o.a.m.s.f.DefaultMavenResourcesFiltering - Copying 1 resource from src\main\resources to target\classes
2026-02-24 16:47:25,690 [Worker-51: Building] INFO  o.a.m.s.f.DefaultMavenResourcesFiltering - Copying 0 resource from src\main\resources to target\classes
2026-02-24 16:47:25,692 [Worker-51: Building] INFO  o.a.m.s.f.DefaultMavenResourcesFiltering - skip non existing resourceDirectory D:\Projetos\crud-angular-spring\crud-spring\src\test\resources
2026-02-24 16:47:27,955 [Worker-51: Building] INFO  o.a.m.s.f.DefaultMavenResourcesFiltering - Copying 1 resource from src\main\resources to target\classes
2026-02-24 16:47:27,958 [Worker-51: Building] INFO  o.a.m.s.f.DefaultMavenResourcesFiltering - Copying 0 resource from src\main\resources to target\classes
2026-02-24 16:47:27,961 [Worker-51: Building] INFO  o.a.m.s.f.DefaultMavenResourcesFiltering - skip non existing resourceDirectory D:\Projetos\crud-angular-spring\crud-spring\src\test\resources
2026-02-24 16:47:59,197 [Worker-48: Building] INFO  o.a.m.s.f.DefaultMavenResourcesFiltering - Copying 1 resource from src\main\resources to target\classes
2026-02-24 16:47:59,201 [Worker-48: Building] INFO  o.a.m.s.f.DefaultMavenResourcesFiltering - Copying 0 resource from src\main\resources to target\classes
2026-02-24 16:47:59,204 [Worker-48: Building] INFO  o.a.m.s.f.DefaultMavenResourcesFiltering - skip non existing resourceDirectory D:\Projetos\crud-angular-spring\crud-spring\src\test\resources
2026-02-24 16:48:11,307 [Worker-54: Building] INFO  o.a.m.s.f.DefaultMavenResourcesFiltering - Copying 1 resource from src\main\resources to target\classes
2026-02-24 16:48:11,311 [Worker-54: Building] INFO  o.a.m.s.f.DefaultMavenResourcesFiltering - Copying 0 resource from src\main\resources to target\classes
2026-02-24 16:48:11,314 [Worker-54: Building] INFO  o.a.m.s.f.DefaultMavenResourcesFiltering - skip non existing resourceDirectory D:\Projetos\crud-angular-spring\crud-spring\src\test\resources
2026-02-24 16:48:27,838 [Worker-52: Building] INFO  o.a.m.s.f.DefaultMavenResourcesFiltering - Copying 1 resource from src\main\resources to target\classes
2026-02-24 16:48:27,841 [Worker-52: Building] INFO  o.a.m.s.f.DefaultMavenResourcesFiltering - Copying 0 resource from src\main\resources to target\classes
2026-02-24 16:48:27,843 [Worker-52: Building] INFO  o.a.m.s.f.DefaultMavenResourcesFiltering - skip non existing resourceDirectory D:\Projetos\crud-angular-spring\crud-spring\src\test\resources
2026-02-24 16:49:08,380 [Worker-54: Building] INFO  o.a.m.s.f.DefaultMavenResourcesFiltering - Copying 1 resource from src\main\resources to target\classes
2026-02-24 16:49:08,384 [Worker-54: Building] INFO  o.a.m.s.f.DefaultMavenResourcesFiltering - Copying 0 resource from src\main\resources to target\classes
2026-02-24 16:49:08,386 [Worker-54: Building] INFO  o.a.m.s.f.DefaultMavenResourcesFiltering - skip non existing resourceDirectory D:\Projetos\crud-angular-spring\crud-spring\src\test\resources
